bldg_id,path
53693,/mnt/datasets/resstock-2024/cosimulation/53693/up02/simulation_results_august/ochre.parquet
389346,/mnt/datasets/resstock-2024/cosimulation/389346/up02/simulation_results_august/ochre.parquet
233698,/mnt/datasets/resstock-2024/cosimulation/233698/up02/simulation_results_august/ochre.parquet
40436,/mnt/datasets/resstock-2024/cosimulation/40436/up02/simulation_results_august/ochre.parquet
404444,/mnt/datasets/resstock-2024/cosimulation/404444/up02/simulation_results_august/ochre.parquet
215510,/mnt/datasets/resstock-2024/cosimulation/215510/up02/simulation_results_august/ochre.parquet
329861,/mnt/datasets/resstock-2024/cosimulation/329861/up02/simulation_results_august/ochre.parquet
237735,/mnt/datasets/resstock-2024/cosimulation/237735/up02/simulation_results_august/ochre.parquet
396629,/mnt/datasets/resstock-2024/cosimulation/396629/up02/simulation_results_august/ochre.parquet
361089,/mnt/datasets/resstock-2024/cosimulation/361089/up02/simulation_results_august/ochre.parquet
526365,/mnt/datasets/resstock-2024/cosimulation/526365/up02/simulation_results_august/ochre.parquet
30445,/mnt/datasets/resstock-2024/cosimulation/30445/up02/simulation_results_august/ochre.parquet
503022,/mnt/datasets/resstock-2024/cosimulation/503022/up02/simulation_results_august/ochre.parquet
129763,/mnt/datasets/resstock-2024/cosimulation/129763/up02/simulation_results_august/ochre.parquet
49721,/mnt/datasets/resstock-2024/cosimulation/49721/up02/simulation_results_august/ochre.parquet
170264,/mnt/datasets/resstock-2024/cosimulation/170264/up02/simulation_results_august/ochre.parquet
357027,/mnt/datasets/resstock-2024/cosimulation/357027/up02/simulation_results_august/ochre.parquet
242999,/mnt/datasets/resstock-2024/cosimulation/242999/up02/simulation_results_august/ochre.parquet
84724,/mnt/datasets/resstock-2024/cosimulation/84724/up02/simulation_results_august/ochre.parquet
337614,/mnt/datasets/resstock-2024/cosimulation/337614/up02/simulation_results_august/ochre.parquet
142507,/mnt/datasets/resstock-2024/cosimulation/142507/up02/simulation_results_august/ochre.parquet
32222,/mnt/datasets/resstock-2024/cosimulation/32222/up02/simulation_results_august/ochre.parquet
330074,/mnt/datasets/resstock-2024/cosimulation/330074/up02/simulation_results_august/ochre.parquet
219636,/mnt/datasets/resstock-2024/cosimulation/219636/up02/simulation_results_august/ochre.parquet
515041,/mnt/datasets/resstock-2024/cosimulation/515041/up02/simulation_results_august/ochre.parquet
157872,/mnt/datasets/resstock-2024/cosimulation/157872/up02/simulation_results_august/ochre.parquet
6888,/mnt/datasets/resstock-2024/cosimulation/6888/up02/simulation_results_august/ochre.parquet
160880,/mnt/datasets/resstock-2024/cosimulation/160880/up02/simulation_results_august/ochre.parquet
61379,/mnt/datasets/resstock-2024/cosimulation/61379/up02/simulation_results_august/ochre.parquet
33761,/mnt/datasets/resstock-2024/cosimulation/33761/up02/simulation_results_august/ochre.parquet
124544,/mnt/datasets/resstock-2024/cosimulation/124544/up02/simulation_results_august/ochre.parquet
465186,/mnt/datasets/resstock-2024/cosimulation/465186/up02/simulation_results_august/ochre.parquet
379880,/mnt/datasets/resstock-2024/cosimulation/379880/up02/simulation_results_august/ochre.parquet
499546,/mnt/datasets/resstock-2024/cosimulation/499546/up02/simulation_results_august/ochre.parquet
525441,/mnt/datasets/resstock-2024/cosimulation/525441/up02/simulation_results_august/ochre.parquet
35932,/mnt/datasets/resstock-2024/cosimulation/35932/up02/simulation_results_august/ochre.parquet
489009,/mnt/datasets/resstock-2024/cosimulation/489009/up02/simulation_results_august/ochre.parquet
526989,/mnt/datasets/resstock-2024/cosimulation/526989/up02/simulation_results_august/ochre.parquet
423568,/mnt/datasets/resstock-2024/cosimulation/423568/up02/simulation_results_august/ochre.parquet
262502,/mnt/datasets/resstock-2024/cosimulation/262502/up02/simulation_results_august/ochre.parquet
284293,/mnt/datasets/resstock-2024/cosimulation/284293/up02/simulation_results_august/ochre.parquet
51960,/mnt/datasets/resstock-2024/cosimulation/51960/up02/simulation_results_august/ochre.parquet
392777,/mnt/datasets/resstock-2024/cosimulation/392777/up02/simulation_results_august/ochre.parquet
260443,/mnt/datasets/resstock-2024/cosimulation/260443/up02/simulation_results_august/ochre.parquet
225070,/mnt/datasets/resstock-2024/cosimulation/225070/up02/simulation_results_august/ochre.parquet
461107,/mnt/datasets/resstock-2024/cosimulation/461107/up02/simulation_results_august/ochre.parquet
44738,/mnt/datasets/resstock-2024/cosimulation/44738/up02/simulation_results_august/ochre.parquet
84873,/mnt/datasets/resstock-2024/cosimulation/84873/up02/simulation_results_august/ochre.parquet
249276,/mnt/datasets/resstock-2024/cosimulation/249276/up02/simulation_results_august/ochre.parquet
436627,/mnt/datasets/resstock-2024/cosimulation/436627/up02/simulation_results_august/ochre.parquet
361607,/mnt/datasets/resstock-2024/cosimulation/361607/up02/simulation_results_august/ochre.parquet
359302,/mnt/datasets/resstock-2024/cosimulation/359302/up02/simulation_results_august/ochre.parquet
449778,/mnt/datasets/resstock-2024/cosimulation/449778/up02/simulation_results_august/ochre.parquet
410593,/mnt/datasets/resstock-2024/cosimulation/410593/up02/simulation_results_august/ochre.parquet
446322,/mnt/datasets/resstock-2024/cosimulation/446322/up02/simulation_results_august/ochre.parquet
169460,/mnt/datasets/resstock-2024/cosimulation/169460/up02/simulation_results_august/ochre.parquet
151790,/mnt/datasets/resstock-2024/cosimulation/151790/up02/simulation_results_august/ochre.parquet
437803,/mnt/datasets/resstock-2024/cosimulation/437803/up02/simulation_results_august/ochre.parquet
44812,/mnt/datasets/resstock-2024/cosimulation/44812/up02/simulation_results_august/ochre.parquet
221268,/mnt/datasets/resstock-2024/cosimulation/221268/up02/simulation_results_august/ochre.parquet
60725,/mnt/datasets/resstock-2024/cosimulation/60725/up02/simulation_results_august/ochre.parquet
397930,/mnt/datasets/resstock-2024/cosimulation/397930/up02/simulation_results_august/ochre.parquet
344492,/mnt/datasets/resstock-2024/cosimulation/344492/up02/simulation_results_august/ochre.parquet
549190,/mnt/datasets/resstock-2024/cosimulation/549190/up02/simulation_results_august/ochre.parquet
547937,/mnt/datasets/resstock-2024/cosimulation/547937/up02/simulation_results_august/ochre.parquet
105857,/mnt/datasets/resstock-2024/cosimulation/105857/up02/simulation_results_august/ochre.parquet
2098,/mnt/datasets/resstock-2024/cosimulation/2098/up02/simulation_results_august/ochre.parquet
514303,/mnt/datasets/resstock-2024/cosimulation/514303/up02/simulation_results_august/ochre.parquet
515502,/mnt/datasets/resstock-2024/cosimulation/515502/up02/simulation_results_august/ochre.parquet
232941,/mnt/datasets/resstock-2024/cosimulation/232941/up02/simulation_results_august/ochre.parquet
527237,/mnt/datasets/resstock-2024/cosimulation/527237/up02/simulation_results_august/ochre.parquet
520838,/mnt/datasets/resstock-2024/cosimulation/520838/up02/simulation_results_august/ochre.parquet
369055,/mnt/datasets/resstock-2024/cosimulation/369055/up02/simulation_results_august/ochre.parquet
371852,/mnt/datasets/resstock-2024/cosimulation/371852/up02/simulation_results_august/ochre.parquet
107460,/mnt/datasets/resstock-2024/cosimulation/107460/up02/simulation_results_august/ochre.parquet
332159,/mnt/datasets/resstock-2024/cosimulation/332159/up02/simulation_results_august/ochre.parquet
226667,/mnt/datasets/resstock-2024/cosimulation/226667/up02/simulation_results_august/ochre.parquet
528839,/mnt/datasets/resstock-2024/cosimulation/528839/up02/simulation_results_august/ochre.parquet
268435,/mnt/datasets/resstock-2024/cosimulation/268435/up02/simulation_results_august/ochre.parquet
129766,/mnt/datasets/resstock-2024/cosimulation/129766/up02/simulation_results_august/ochre.parquet
336050,/mnt/datasets/resstock-2024/cosimulation/336050/up02/simulation_results_august/ochre.parquet
292090,/mnt/datasets/resstock-2024/cosimulation/292090/up02/simulation_results_august/ochre.parquet
122061,/mnt/datasets/resstock-2024/cosimulation/122061/up02/simulation_results_august/ochre.parquet
67009,/mnt/datasets/resstock-2024/cosimulation/67009/up02/simulation_results_august/ochre.parquet
54697,/mnt/datasets/resstock-2024/cosimulation/54697/up02/simulation_results_august/ochre.parquet
228588,/mnt/datasets/resstock-2024/cosimulation/228588/up02/simulation_results_august/ochre.parquet
439854,/mnt/datasets/resstock-2024/cosimulation/439854/up02/simulation_results_august/ochre.parquet
18626,/mnt/datasets/resstock-2024/cosimulation/18626/up02/simulation_results_august/ochre.parquet
381381,/mnt/datasets/resstock-2024/cosimulation/381381/up02/simulation_results_august/ochre.parquet
524496,/mnt/datasets/resstock-2024/cosimulation/524496/up02/simulation_results_august/ochre.parquet
539182,/mnt/datasets/resstock-2024/cosimulation/539182/up02/simulation_results_august/ochre.parquet
471083,/mnt/datasets/resstock-2024/cosimulation/471083/up02/simulation_results_august/ochre.parquet
305989,/mnt/datasets/resstock-2024/cosimulation/305989/up02/simulation_results_august/ochre.parquet
257435,/mnt/datasets/resstock-2024/cosimulation/257435/up02/simulation_results_august/ochre.parquet
361750,/mnt/datasets/resstock-2024/cosimulation/361750/up02/simulation_results_august/ochre.parquet
35063,/mnt/datasets/resstock-2024/cosimulation/35063/up02/simulation_results_august/ochre.parquet
546972,/mnt/datasets/resstock-2024/cosimulation/546972/up02/simulation_results_august/ochre.parquet
339433,/mnt/datasets/resstock-2024/cosimulation/339433/up02/simulation_results_august/ochre.parquet
16760,/mnt/datasets/resstock-2024/cosimulation/16760/up02/simulation_results_august/ochre.parquet
316619,/mnt/datasets/resstock-2024/cosimulation/316619/up02/simulation_results_august/ochre.parquet
304116,/mnt/datasets/resstock-2024/cosimulation/304116/up02/simulation_results_august/ochre.parquet
201687,/mnt/datasets/resstock-2024/cosimulation/201687/up02/simulation_results_august/ochre.parquet
232939,/mnt/datasets/resstock-2024/cosimulation/232939/up02/simulation_results_august/ochre.parquet
61798,/mnt/datasets/resstock-2024/cosimulation/61798/up02/simulation_results_august/ochre.parquet
338070,/mnt/datasets/resstock-2024/cosimulation/338070/up02/simulation_results_august/ochre.parquet
259004,/mnt/datasets/resstock-2024/cosimulation/259004/up02/simulation_results_august/ochre.parquet
464312,/mnt/datasets/resstock-2024/cosimulation/464312/up02/simulation_results_august/ochre.parquet
155532,/mnt/datasets/resstock-2024/cosimulation/155532/up02/simulation_results_august/ochre.parquet
186366,/mnt/datasets/resstock-2024/cosimulation/186366/up02/simulation_results_august/ochre.parquet
467636,/mnt/datasets/resstock-2024/cosimulation/467636/up02/simulation_results_august/ochre.parquet
327612,/mnt/datasets/resstock-2024/cosimulation/327612/up02/simulation_results_august/ochre.parquet
452846,/mnt/datasets/resstock-2024/cosimulation/452846/up02/simulation_results_august/ochre.parquet
292676,/mnt/datasets/resstock-2024/cosimulation/292676/up02/simulation_results_august/ochre.parquet
4455,/mnt/datasets/resstock-2024/cosimulation/4455/up02/simulation_results_august/ochre.parquet
19670,/mnt/datasets/resstock-2024/cosimulation/19670/up02/simulation_results_august/ochre.parquet
202555,/mnt/datasets/resstock-2024/cosimulation/202555/up02/simulation_results_august/ochre.parquet
53007,/mnt/datasets/resstock-2024/cosimulation/53007/up02/simulation_results_august/ochre.parquet
389848,/mnt/datasets/resstock-2024/cosimulation/389848/up02/simulation_results_august/ochre.parquet
516138,/mnt/datasets/resstock-2024/cosimulation/516138/up02/simulation_results_august/ochre.parquet
213002,/mnt/datasets/resstock-2024/cosimulation/213002/up02/simulation_results_august/ochre.parquet
301874,/mnt/datasets/resstock-2024/cosimulation/301874/up02/simulation_results_august/ochre.parquet
454230,/mnt/datasets/resstock-2024/cosimulation/454230/up02/simulation_results_august/ochre.parquet
327596,/mnt/datasets/resstock-2024/cosimulation/327596/up02/simulation_results_august/ochre.parquet
162090,/mnt/datasets/resstock-2024/cosimulation/162090/up02/simulation_results_august/ochre.parquet
233532,/mnt/datasets/resstock-2024/cosimulation/233532/up02/simulation_results_august/ochre.parquet
530378,/mnt/datasets/resstock-2024/cosimulation/530378/up02/simulation_results_august/ochre.parquet
72989,/mnt/datasets/resstock-2024/cosimulation/72989/up02/simulation_results_august/ochre.parquet
34928,/mnt/datasets/resstock-2024/cosimulation/34928/up02/simulation_results_august/ochre.parquet
118013,/mnt/datasets/resstock-2024/cosimulation/118013/up02/simulation_results_august/ochre.parquet
348462,/mnt/datasets/resstock-2024/cosimulation/348462/up02/simulation_results_august/ochre.parquet
520327,/mnt/datasets/resstock-2024/cosimulation/520327/up02/simulation_results_august/ochre.parquet
411121,/mnt/datasets/resstock-2024/cosimulation/411121/up02/simulation_results_august/ochre.parquet
248643,/mnt/datasets/resstock-2024/cosimulation/248643/up02/simulation_results_august/ochre.parquet
381418,/mnt/datasets/resstock-2024/cosimulation/381418/up02/simulation_results_august/ochre.parquet
112300,/mnt/datasets/resstock-2024/cosimulation/112300/up02/simulation_results_august/ochre.parquet
329459,/mnt/datasets/resstock-2024/cosimulation/329459/up02/simulation_results_august/ochre.parquet
179644,/mnt/datasets/resstock-2024/cosimulation/179644/up02/simulation_results_august/ochre.parquet
100023,/mnt/datasets/resstock-2024/cosimulation/100023/up02/simulation_results_august/ochre.parquet
110117,/mnt/datasets/resstock-2024/cosimulation/110117/up02/simulation_results_august/ochre.parquet
459186,/mnt/datasets/resstock-2024/cosimulation/459186/up02/simulation_results_august/ochre.parquet
333827,/mnt/datasets/resstock-2024/cosimulation/333827/up02/simulation_results_august/ochre.parquet
289058,/mnt/datasets/resstock-2024/cosimulation/289058/up02/simulation_results_august/ochre.parquet
356235,/mnt/datasets/resstock-2024/cosimulation/356235/up02/simulation_results_august/ochre.parquet
255345,/mnt/datasets/resstock-2024/cosimulation/255345/up02/simulation_results_august/ochre.parquet
159900,/mnt/datasets/resstock-2024/cosimulation/159900/up02/simulation_results_august/ochre.parquet
159349,/mnt/datasets/resstock-2024/cosimulation/159349/up02/simulation_results_august/ochre.parquet
539605,/mnt/datasets/resstock-2024/cosimulation/539605/up02/simulation_results_august/ochre.parquet
57486,/mnt/datasets/resstock-2024/cosimulation/57486/up02/simulation_results_august/ochre.parquet
25615,/mnt/datasets/resstock-2024/cosimulation/25615/up02/simulation_results_august/ochre.parquet
224398,/mnt/datasets/resstock-2024/cosimulation/224398/up02/simulation_results_august/ochre.parquet
370146,/mnt/datasets/resstock-2024/cosimulation/370146/up02/simulation_results_august/ochre.parquet
188953,/mnt/datasets/resstock-2024/cosimulation/188953/up02/simulation_results_august/ochre.parquet
163934,/mnt/datasets/resstock-2024/cosimulation/163934/up02/simulation_results_august/ochre.parquet
274702,/mnt/datasets/resstock-2024/cosimulation/274702/up02/simulation_results_august/ochre.parquet
330258,/mnt/datasets/resstock-2024/cosimulation/330258/up02/simulation_results_august/ochre.parquet
262816,/mnt/datasets/resstock-2024/cosimulation/262816/up02/simulation_results_august/ochre.parquet
116047,/mnt/datasets/resstock-2024/cosimulation/116047/up02/simulation_results_august/ochre.parquet
188487,/mnt/datasets/resstock-2024/cosimulation/188487/up02/simulation_results_august/ochre.parquet
500108,/mnt/datasets/resstock-2024/cosimulation/500108/up02/simulation_results_august/ochre.parquet
317423,/mnt/datasets/resstock-2024/cosimulation/317423/up02/simulation_results_august/ochre.parquet
77324,/mnt/datasets/resstock-2024/cosimulation/77324/up02/simulation_results_august/ochre.parquet
312335,/mnt/datasets/resstock-2024/cosimulation/312335/up02/simulation_results_august/ochre.parquet
119634,/mnt/datasets/resstock-2024/cosimulation/119634/up02/simulation_results_august/ochre.parquet
542290,/mnt/datasets/resstock-2024/cosimulation/542290/up02/simulation_results_august/ochre.parquet
451461,/mnt/datasets/resstock-2024/cosimulation/451461/up02/simulation_results_august/ochre.parquet
303242,/mnt/datasets/resstock-2024/cosimulation/303242/up02/simulation_results_august/ochre.parquet
125128,/mnt/datasets/resstock-2024/cosimulation/125128/up02/simulation_results_august/ochre.parquet
391944,/mnt/datasets/resstock-2024/cosimulation/391944/up02/simulation_results_august/ochre.parquet
202088,/mnt/datasets/resstock-2024/cosimulation/202088/up02/simulation_results_august/ochre.parquet
97799,/mnt/datasets/resstock-2024/cosimulation/97799/up02/simulation_results_august/ochre.parquet
345470,/mnt/datasets/resstock-2024/cosimulation/345470/up02/simulation_results_august/ochre.parquet
21106,/mnt/datasets/resstock-2024/cosimulation/21106/up02/simulation_results_august/ochre.parquet
341616,/mnt/datasets/resstock-2024/cosimulation/341616/up02/simulation_results_august/ochre.parquet
427800,/mnt/datasets/resstock-2024/cosimulation/427800/up02/simulation_results_august/ochre.parquet
115968,/mnt/datasets/resstock-2024/cosimulation/115968/up02/simulation_results_august/ochre.parquet
342684,/mnt/datasets/resstock-2024/cosimulation/342684/up02/simulation_results_august/ochre.parquet
104860,/mnt/datasets/resstock-2024/cosimulation/104860/up02/simulation_results_august/ochre.parquet
438056,/mnt/datasets/resstock-2024/cosimulation/438056/up02/simulation_results_august/ochre.parquet
403104,/mnt/datasets/resstock-2024/cosimulation/403104/up02/simulation_results_august/ochre.parquet
347246,/mnt/datasets/resstock-2024/cosimulation/347246/up02/simulation_results_august/ochre.parquet
137501,/mnt/datasets/resstock-2024/cosimulation/137501/up02/simulation_results_august/ochre.parquet
146446,/mnt/datasets/resstock-2024/cosimulation/146446/up02/simulation_results_august/ochre.parquet
106564,/mnt/datasets/resstock-2024/cosimulation/106564/up02/simulation_results_august/ochre.parquet
96862,/mnt/datasets/resstock-2024/cosimulation/96862/up02/simulation_results_august/ochre.parquet
284091,/mnt/datasets/resstock-2024/cosimulation/284091/up02/simulation_results_august/ochre.parquet
484007,/mnt/datasets/resstock-2024/cosimulation/484007/up02/simulation_results_august/ochre.parquet
131095,/mnt/datasets/resstock-2024/cosimulation/131095/up02/simulation_results_august/ochre.parquet
131393,/mnt/datasets/resstock-2024/cosimulation/131393/up02/simulation_results_august/ochre.parquet
188110,/mnt/datasets/resstock-2024/cosimulation/188110/up02/simulation_results_august/ochre.parquet
261802,/mnt/datasets/resstock-2024/cosimulation/261802/up02/simulation_results_august/ochre.parquet
157218,/mnt/datasets/resstock-2024/cosimulation/157218/up02/simulation_results_august/ochre.parquet
77240,/mnt/datasets/resstock-2024/cosimulation/77240/up02/simulation_results_august/ochre.parquet
237120,/mnt/datasets/resstock-2024/cosimulation/237120/up02/simulation_results_august/ochre.parquet
295670,/mnt/datasets/resstock-2024/cosimulation/295670/up02/simulation_results_august/ochre.parquet
451771,/mnt/datasets/resstock-2024/cosimulation/451771/up02/simulation_results_august/ochre.parquet
531662,/mnt/datasets/resstock-2024/cosimulation/531662/up02/simulation_results_august/ochre.parquet
421285,/mnt/datasets/resstock-2024/cosimulation/421285/up02/simulation_results_august/ochre.parquet
78681,/mnt/datasets/resstock-2024/cosimulation/78681/up02/simulation_results_august/ochre.parquet
418397,/mnt/datasets/resstock-2024/cosimulation/418397/up02/simulation_results_august/ochre.parquet
470251,/mnt/datasets/resstock-2024/cosimulation/470251/up02/simulation_results_august/ochre.parquet
352165,/mnt/datasets/resstock-2024/cosimulation/352165/up02/simulation_results_august/ochre.parquet
152657,/mnt/datasets/resstock-2024/cosimulation/152657/up02/simulation_results_august/ochre.parquet
233753,/mnt/datasets/resstock-2024/cosimulation/233753/up02/simulation_results_august/ochre.parquet
446024,/mnt/datasets/resstock-2024/cosimulation/446024/up02/simulation_results_august/ochre.parquet
151864,/mnt/datasets/resstock-2024/cosimulation/151864/up02/simulation_results_august/ochre.parquet
115209,/mnt/datasets/resstock-2024/cosimulation/115209/up02/simulation_results_august/ochre.parquet
40454,/mnt/datasets/resstock-2024/cosimulation/40454/up02/simulation_results_august/ochre.parquet
69842,/mnt/datasets/resstock-2024/cosimulation/69842/up02/simulation_results_august/ochre.parquet
302088,/mnt/datasets/resstock-2024/cosimulation/302088/up02/simulation_results_august/ochre.parquet
304201,/mnt/datasets/resstock-2024/cosimulation/304201/up02/simulation_results_august/ochre.parquet
187566,/mnt/datasets/resstock-2024/cosimulation/187566/up02/simulation_results_august/ochre.parquet
63556,/mnt/datasets/resstock-2024/cosimulation/63556/up02/simulation_results_august/ochre.parquet
225298,/mnt/datasets/resstock-2024/cosimulation/225298/up02/simulation_results_august/ochre.parquet
513045,/mnt/datasets/resstock-2024/cosimulation/513045/up02/simulation_results_august/ochre.parquet
441278,/mnt/datasets/resstock-2024/cosimulation/441278/up02/simulation_results_august/ochre.parquet
472992,/mnt/datasets/resstock-2024/cosimulation/472992/up02/simulation_results_august/ochre.parquet
159311,/mnt/datasets/resstock-2024/cosimulation/159311/up02/simulation_results_august/ochre.parquet
93799,/mnt/datasets/resstock-2024/cosimulation/93799/up02/simulation_results_august/ochre.parquet
538937,/mnt/datasets/resstock-2024/cosimulation/538937/up02/simulation_results_august/ochre.parquet
481152,/mnt/datasets/resstock-2024/cosimulation/481152/up02/simulation_results_august/ochre.parquet
544508,/mnt/datasets/resstock-2024/cosimulation/544508/up02/simulation_results_august/ochre.parquet
183304,/mnt/datasets/resstock-2024/cosimulation/183304/up02/simulation_results_august/ochre.parquet
56167,/mnt/datasets/resstock-2024/cosimulation/56167/up02/simulation_results_august/ochre.parquet
312,/mnt/datasets/resstock-2024/cosimulation/312/up02/simulation_results_august/ochre.parquet
483644,/mnt/datasets/resstock-2024/cosimulation/483644/up02/simulation_results_august/ochre.parquet
531771,/mnt/datasets/resstock-2024/cosimulation/531771/up02/simulation_results_august/ochre.parquet
453474,/mnt/datasets/resstock-2024/cosimulation/453474/up02/simulation_results_august/ochre.parquet
230471,/mnt/datasets/resstock-2024/cosimulation/230471/up02/simulation_results_august/ochre.parquet
374743,/mnt/datasets/resstock-2024/cosimulation/374743/up02/simulation_results_august/ochre.parquet
188085,/mnt/datasets/resstock-2024/cosimulation/188085/up02/simulation_results_august/ochre.parquet
249827,/mnt/datasets/resstock-2024/cosimulation/249827/up02/simulation_results_august/ochre.parquet
167202,/mnt/datasets/resstock-2024/cosimulation/167202/up02/simulation_results_august/ochre.parquet
323846,/mnt/datasets/resstock-2024/cosimulation/323846/up02/simulation_results_august/ochre.parquet
31427,/mnt/datasets/resstock-2024/cosimulation/31427/up02/simulation_results_august/ochre.parquet
537920,/mnt/datasets/resstock-2024/cosimulation/537920/up02/simulation_results_august/ochre.parquet
427216,/mnt/datasets/resstock-2024/cosimulation/427216/up02/simulation_results_august/ochre.parquet
360519,/mnt/datasets/resstock-2024/cosimulation/360519/up02/simulation_results_august/ochre.parquet
67168,/mnt/datasets/resstock-2024/cosimulation/67168/up02/simulation_results_august/ochre.parquet
27832,/mnt/datasets/resstock-2024/cosimulation/27832/up02/simulation_results_august/ochre.parquet
39960,/mnt/datasets/resstock-2024/cosimulation/39960/up02/simulation_results_august/ochre.parquet
383865,/mnt/datasets/resstock-2024/cosimulation/383865/up02/simulation_results_august/ochre.parquet
199016,/mnt/datasets/resstock-2024/cosimulation/199016/up02/simulation_results_august/ochre.parquet
489422,/mnt/datasets/resstock-2024/cosimulation/489422/up02/simulation_results_august/ochre.parquet
419752,/mnt/datasets/resstock-2024/cosimulation/419752/up02/simulation_results_august/ochre.parquet
620,/mnt/datasets/resstock-2024/cosimulation/620/up02/simulation_results_august/ochre.parquet
298895,/mnt/datasets/resstock-2024/cosimulation/298895/up02/simulation_results_august/ochre.parquet
383693,/mnt/datasets/resstock-2024/cosimulation/383693/up02/simulation_results_august/ochre.parquet
448971,/mnt/datasets/resstock-2024/cosimulation/448971/up02/simulation_results_august/ochre.parquet
128668,/mnt/datasets/resstock-2024/cosimulation/128668/up02/simulation_results_august/ochre.parquet
493708,/mnt/datasets/resstock-2024/cosimulation/493708/up02/simulation_results_august/ochre.parquet
432318,/mnt/datasets/resstock-2024/cosimulation/432318/up02/simulation_results_august/ochre.parquet
224866,/mnt/datasets/resstock-2024/cosimulation/224866/up02/simulation_results_august/ochre.parquet
202943,/mnt/datasets/resstock-2024/cosimulation/202943/up02/simulation_results_august/ochre.parquet
487709,/mnt/datasets/resstock-2024/cosimulation/487709/up02/simulation_results_august/ochre.parquet
297782,/mnt/datasets/resstock-2024/cosimulation/297782/up02/simulation_results_august/ochre.parquet
111501,/mnt/datasets/resstock-2024/cosimulation/111501/up02/simulation_results_august/ochre.parquet
147319,/mnt/datasets/resstock-2024/cosimulation/147319/up02/simulation_results_august/ochre.parquet
486098,/mnt/datasets/resstock-2024/cosimulation/486098/up02/simulation_results_august/ochre.parquet
544772,/mnt/datasets/resstock-2024/cosimulation/544772/up02/simulation_results_august/ochre.parquet
22158,/mnt/datasets/resstock-2024/cosimulation/22158/up02/simulation_results_august/ochre.parquet
4916,/mnt/datasets/resstock-2024/cosimulation/4916/up02/simulation_results_august/ochre.parquet
136477,/mnt/datasets/resstock-2024/cosimulation/136477/up02/simulation_results_august/ochre.parquet
329123,/mnt/datasets/resstock-2024/cosimulation/329123/up02/simulation_results_august/ochre.parquet
256426,/mnt/datasets/resstock-2024/cosimulation/256426/up02/simulation_results_august/ochre.parquet
415007,/mnt/datasets/resstock-2024/cosimulation/415007/up02/simulation_results_august/ochre.parquet
3612,/mnt/datasets/resstock-2024/cosimulation/3612/up02/simulation_results_august/ochre.parquet
122651,/mnt/datasets/resstock-2024/cosimulation/122651/up02/simulation_results_august/ochre.parquet
69737,/mnt/datasets/resstock-2024/cosimulation/69737/up02/simulation_results_august/ochre.parquet
69626,/mnt/datasets/resstock-2024/cosimulation/69626/up02/simulation_results_august/ochre.parquet
450684,/mnt/datasets/resstock-2024/cosimulation/450684/up02/simulation_results_august/ochre.parquet
386916,/mnt/datasets/resstock-2024/cosimulation/386916/up02/simulation_results_august/ochre.parquet
434738,/mnt/datasets/resstock-2024/cosimulation/434738/up02/simulation_results_august/ochre.parquet
254623,/mnt/datasets/resstock-2024/cosimulation/254623/up02/simulation_results_august/ochre.parquet
436631,/mnt/datasets/resstock-2024/cosimulation/436631/up02/simulation_results_august/ochre.parquet
156244,/mnt/datasets/resstock-2024/cosimulation/156244/up02/simulation_results_august/ochre.parquet
85660,/mnt/datasets/resstock-2024/cosimulation/85660/up02/simulation_results_august/ochre.parquet
291601,/mnt/datasets/resstock-2024/cosimulation/291601/up02/simulation_results_august/ochre.parquet
513516,/mnt/datasets/resstock-2024/cosimulation/513516/up02/simulation_results_august/ochre.parquet
512375,/mnt/datasets/resstock-2024/cosimulation/512375/up02/simulation_results_august/ochre.parquet
454770,/mnt/datasets/resstock-2024/cosimulation/454770/up02/simulation_results_august/ochre.parquet
230501,/mnt/datasets/resstock-2024/cosimulation/230501/up02/simulation_results_august/ochre.parquet
482358,/mnt/datasets/resstock-2024/cosimulation/482358/up02/simulation_results_august/ochre.parquet
524907,/mnt/datasets/resstock-2024/cosimulation/524907/up02/simulation_results_august/ochre.parquet
227517,/mnt/datasets/resstock-2024/cosimulation/227517/up02/simulation_results_august/ochre.parquet
192312,/mnt/datasets/resstock-2024/cosimulation/192312/up02/simulation_results_august/ochre.parquet
473498,/mnt/datasets/resstock-2024/cosimulation/473498/up02/simulation_results_august/ochre.parquet
516263,/mnt/datasets/resstock-2024/cosimulation/516263/up02/simulation_results_august/ochre.parquet
254810,/mnt/datasets/resstock-2024/cosimulation/254810/up02/simulation_results_august/ochre.parquet
93798,/mnt/datasets/resstock-2024/cosimulation/93798/up02/simulation_results_august/ochre.parquet
139404,/mnt/datasets/resstock-2024/cosimulation/139404/up02/simulation_results_august/ochre.parquet
491749,/mnt/datasets/resstock-2024/cosimulation/491749/up02/simulation_results_august/ochre.parquet
500428,/mnt/datasets/resstock-2024/cosimulation/500428/up02/simulation_results_august/ochre.parquet
168910,/mnt/datasets/resstock-2024/cosimulation/168910/up02/simulation_results_august/ochre.parquet
77868,/mnt/datasets/resstock-2024/cosimulation/77868/up02/simulation_results_august/ochre.parquet
468180,/mnt/datasets/resstock-2024/cosimulation/468180/up02/simulation_results_august/ochre.parquet
5296,/mnt/datasets/resstock-2024/cosimulation/5296/up02/simulation_results_august/ochre.parquet
365132,/mnt/datasets/resstock-2024/cosimulation/365132/up02/simulation_results_august/ochre.parquet
242516,/mnt/datasets/resstock-2024/cosimulation/242516/up02/simulation_results_august/ochre.parquet
237962,/mnt/datasets/resstock-2024/cosimulation/237962/up02/simulation_results_august/ochre.parquet
320667,/mnt/datasets/resstock-2024/cosimulation/320667/up02/simulation_results_august/ochre.parquet
422231,/mnt/datasets/resstock-2024/cosimulation/422231/up02/simulation_results_august/ochre.parquet
279160,/mnt/datasets/resstock-2024/cosimulation/279160/up02/simulation_results_august/ochre.parquet
114077,/mnt/datasets/resstock-2024/cosimulation/114077/up02/simulation_results_august/ochre.parquet
79250,/mnt/datasets/resstock-2024/cosimulation/79250/up02/simulation_results_august/ochre.parquet
193154,/mnt/datasets/resstock-2024/cosimulation/193154/up02/simulation_results_august/ochre.parquet
213568,/mnt/datasets/resstock-2024/cosimulation/213568/up02/simulation_results_august/ochre.parquet
282801,/mnt/datasets/resstock-2024/cosimulation/282801/up02/simulation_results_august/ochre.parquet
178534,/mnt/datasets/resstock-2024/cosimulation/178534/up02/simulation_results_august/ochre.parquet
454310,/mnt/datasets/resstock-2024/cosimulation/454310/up02/simulation_results_august/ochre.parquet
428936,/mnt/datasets/resstock-2024/cosimulation/428936/up02/simulation_results_august/ochre.parquet
268292,/mnt/datasets/resstock-2024/cosimulation/268292/up02/simulation_results_august/ochre.parquet
20621,/mnt/datasets/resstock-2024/cosimulation/20621/up02/simulation_results_august/ochre.parquet
372892,/mnt/datasets/resstock-2024/cosimulation/372892/up02/simulation_results_august/ochre.parquet
76248,/mnt/datasets/resstock-2024/cosimulation/76248/up02/simulation_results_august/ochre.parquet
395429,/mnt/datasets/resstock-2024/cosimulation/395429/up02/simulation_results_august/ochre.parquet
236160,/mnt/datasets/resstock-2024/cosimulation/236160/up02/simulation_results_august/ochre.parquet
75607,/mnt/datasets/resstock-2024/cosimulation/75607/up02/simulation_results_august/ochre.parquet
391468,/mnt/datasets/resstock-2024/cosimulation/391468/up02/simulation_results_august/ochre.parquet
213027,/mnt/datasets/resstock-2024/cosimulation/213027/up02/simulation_results_august/ochre.parquet
368041,/mnt/datasets/resstock-2024/cosimulation/368041/up02/simulation_results_august/ochre.parquet
434632,/mnt/datasets/resstock-2024/cosimulation/434632/up02/simulation_results_august/ochre.parquet
141246,/mnt/datasets/resstock-2024/cosimulation/141246/up02/simulation_results_august/ochre.parquet
140441,/mnt/datasets/resstock-2024/cosimulation/140441/up02/simulation_results_august/ochre.parquet
517878,/mnt/datasets/resstock-2024/cosimulation/517878/up02/simulation_results_august/ochre.parquet
290676,/mnt/datasets/resstock-2024/cosimulation/290676/up02/simulation_results_august/ochre.parquet
267479,/mnt/datasets/resstock-2024/cosimulation/267479/up02/simulation_results_august/ochre.parquet
170825,/mnt/datasets/resstock-2024/cosimulation/170825/up02/simulation_results_august/ochre.parquet
20210,/mnt/datasets/resstock-2024/cosimulation/20210/up02/simulation_results_august/ochre.parquet
440204,/mnt/datasets/resstock-2024/cosimulation/440204/up02/simulation_results_august/ochre.parquet
89230,/mnt/datasets/resstock-2024/cosimulation/89230/up02/simulation_results_august/ochre.parquet
543603,/mnt/datasets/resstock-2024/cosimulation/543603/up02/simulation_results_august/ochre.parquet
425465,/mnt/datasets/resstock-2024/cosimulation/425465/up02/simulation_results_august/ochre.parquet
126829,/mnt/datasets/resstock-2024/cosimulation/126829/up02/simulation_results_august/ochre.parquet
443314,/mnt/datasets/resstock-2024/cosimulation/443314/up02/simulation_results_august/ochre.parquet
156716,/mnt/datasets/resstock-2024/cosimulation/156716/up02/simulation_results_august/ochre.parquet
235434,/mnt/datasets/resstock-2024/cosimulation/235434/up02/simulation_results_august/ochre.parquet
104562,/mnt/datasets/resstock-2024/cosimulation/104562/up02/simulation_results_august/ochre.parquet
155119,/mnt/datasets/resstock-2024/cosimulation/155119/up02/simulation_results_august/ochre.parquet
209609,/mnt/datasets/resstock-2024/cosimulation/209609/up02/simulation_results_august/ochre.parquet
436517,/mnt/datasets/resstock-2024/cosimulation/436517/up02/simulation_results_august/ochre.parquet
95555,/mnt/datasets/resstock-2024/cosimulation/95555/up02/simulation_results_august/ochre.parquet
172155,/mnt/datasets/resstock-2024/cosimulation/172155/up02/simulation_results_august/ochre.parquet
307351,/mnt/datasets/resstock-2024/cosimulation/307351/up02/simulation_results_august/ochre.parquet
216421,/mnt/datasets/resstock-2024/cosimulation/216421/up02/simulation_results_august/ochre.parquet
238210,/mnt/datasets/resstock-2024/cosimulation/238210/up02/simulation_results_august/ochre.parquet
300631,/mnt/datasets/resstock-2024/cosimulation/300631/up02/simulation_results_august/ochre.parquet
163213,/mnt/datasets/resstock-2024/cosimulation/163213/up02/simulation_results_august/ochre.parquet
682,/mnt/datasets/resstock-2024/cosimulation/682/up02/simulation_results_august/ochre.parquet
70024,/mnt/datasets/resstock-2024/cosimulation/70024/up02/simulation_results_august/ochre.parquet
542281,/mnt/datasets/resstock-2024/cosimulation/542281/up02/simulation_results_august/ochre.parquet
327739,/mnt/datasets/resstock-2024/cosimulation/327739/up02/simulation_results_august/ochre.parquet
263375,/mnt/datasets/resstock-2024/cosimulation/263375/up02/simulation_results_august/ochre.parquet
485566,/mnt/datasets/resstock-2024/cosimulation/485566/up02/simulation_results_august/ochre.parquet
180871,/mnt/datasets/resstock-2024/cosimulation/180871/up02/simulation_results_august/ochre.parquet
95159,/mnt/datasets/resstock-2024/cosimulation/95159/up02/simulation_results_august/ochre.parquet
459665,/mnt/datasets/resstock-2024/cosimulation/459665/up02/simulation_results_august/ochre.parquet
524546,/mnt/datasets/resstock-2024/cosimulation/524546/up02/simulation_results_august/ochre.parquet
215583,/mnt/datasets/resstock-2024/cosimulation/215583/up02/simulation_results_august/ochre.parquet
541219,/mnt/datasets/resstock-2024/cosimulation/541219/up02/simulation_results_august/ochre.parquet
495663,/mnt/datasets/resstock-2024/cosimulation/495663/up02/simulation_results_august/ochre.parquet
292117,/mnt/datasets/resstock-2024/cosimulation/292117/up02/simulation_results_august/ochre.parquet
454110,/mnt/datasets/resstock-2024/cosimulation/454110/up02/simulation_results_august/ochre.parquet
431957,/mnt/datasets/resstock-2024/cosimulation/431957/up02/simulation_results_august/ochre.parquet
527111,/mnt/datasets/resstock-2024/cosimulation/527111/up02/simulation_results_august/ochre.parquet
244264,/mnt/datasets/resstock-2024/cosimulation/244264/up02/simulation_results_august/ochre.parquet
391979,/mnt/datasets/resstock-2024/cosimulation/391979/up02/simulation_results_august/ochre.parquet
387140,/mnt/datasets/resstock-2024/cosimulation/387140/up02/simulation_results_august/ochre.parquet
103643,/mnt/datasets/resstock-2024/cosimulation/103643/up02/simulation_results_august/ochre.parquet
184427,/mnt/datasets/resstock-2024/cosimulation/184427/up02/simulation_results_august/ochre.parquet
32833,/mnt/datasets/resstock-2024/cosimulation/32833/up02/simulation_results_august/ochre.parquet
248626,/mnt/datasets/resstock-2024/cosimulation/248626/up02/simulation_results_august/ochre.parquet
186924,/mnt/datasets/resstock-2024/cosimulation/186924/up02/simulation_results_august/ochre.parquet
497319,/mnt/datasets/resstock-2024/cosimulation/497319/up02/simulation_results_august/ochre.parquet
364878,/mnt/datasets/resstock-2024/cosimulation/364878/up02/simulation_results_august/ochre.parquet
267376,/mnt/datasets/resstock-2024/cosimulation/267376/up02/simulation_results_august/ochre.parquet
348832,/mnt/datasets/resstock-2024/cosimulation/348832/up02/simulation_results_august/ochre.parquet
289531,/mnt/datasets/resstock-2024/cosimulation/289531/up02/simulation_results_august/ochre.parquet
144651,/mnt/datasets/resstock-2024/cosimulation/144651/up02/simulation_results_august/ochre.parquet
193900,/mnt/datasets/resstock-2024/cosimulation/193900/up02/simulation_results_august/ochre.parquet
523530,/mnt/datasets/resstock-2024/cosimulation/523530/up02/simulation_results_august/ochre.parquet
162605,/mnt/datasets/resstock-2024/cosimulation/162605/up02/simulation_results_august/ochre.parquet
417114,/mnt/datasets/resstock-2024/cosimulation/417114/up02/simulation_results_august/ochre.parquet
436427,/mnt/datasets/resstock-2024/cosimulation/436427/up02/simulation_results_august/ochre.parquet
369049,/mnt/datasets/resstock-2024/cosimulation/369049/up02/simulation_results_august/ochre.parquet
141350,/mnt/datasets/resstock-2024/cosimulation/141350/up02/simulation_results_august/ochre.parquet
199657,/mnt/datasets/resstock-2024/cosimulation/199657/up02/simulation_results_august/ochre.parquet
253224,/mnt/datasets/resstock-2024/cosimulation/253224/up02/simulation_results_august/ochre.parquet
93795,/mnt/datasets/resstock-2024/cosimulation/93795/up02/simulation_results_august/ochre.parquet
309544,/mnt/datasets/resstock-2024/cosimulation/309544/up02/simulation_results_august/ochre.parquet
326187,/mnt/datasets/resstock-2024/cosimulation/326187/up02/simulation_results_august/ochre.parquet
192389,/mnt/datasets/resstock-2024/cosimulation/192389/up02/simulation_results_august/ochre.parquet
495378,/mnt/datasets/resstock-2024/cosimulation/495378/up02/simulation_results_august/ochre.parquet
173392,/mnt/datasets/resstock-2024/cosimulation/173392/up02/simulation_results_august/ochre.parquet
519534,/mnt/datasets/resstock-2024/cosimulation/519534/up02/simulation_results_august/ochre.parquet
269586,/mnt/datasets/resstock-2024/cosimulation/269586/up02/simulation_results_august/ochre.parquet
407592,/mnt/datasets/resstock-2024/cosimulation/407592/up02/simulation_results_august/ochre.parquet
305045,/mnt/datasets/resstock-2024/cosimulation/305045/up02/simulation_results_august/ochre.parquet
311107,/mnt/datasets/resstock-2024/cosimulation/311107/up02/simulation_results_august/ochre.parquet
208475,/mnt/datasets/resstock-2024/cosimulation/208475/up02/simulation_results_august/ochre.parquet
120305,/mnt/datasets/resstock-2024/cosimulation/120305/up02/simulation_results_august/ochre.parquet
318102,/mnt/datasets/resstock-2024/cosimulation/318102/up02/simulation_results_august/ochre.parquet
541074,/mnt/datasets/resstock-2024/cosimulation/541074/up02/simulation_results_august/ochre.parquet
299045,/mnt/datasets/resstock-2024/cosimulation/299045/up02/simulation_results_august/ochre.parquet
7292,/mnt/datasets/resstock-2024/cosimulation/7292/up02/simulation_results_august/ochre.parquet
498379,/mnt/datasets/resstock-2024/cosimulation/498379/up02/simulation_results_august/ochre.parquet
364735,/mnt/datasets/resstock-2024/cosimulation/364735/up02/simulation_results_august/ochre.parquet
92339,/mnt/datasets/resstock-2024/cosimulation/92339/up02/simulation_results_august/ochre.parquet
475046,/mnt/datasets/resstock-2024/cosimulation/475046/up02/simulation_results_august/ochre.parquet
298681,/mnt/datasets/resstock-2024/cosimulation/298681/up02/simulation_results_august/ochre.parquet
381087,/mnt/datasets/resstock-2024/cosimulation/381087/up02/simulation_results_august/ochre.parquet
238996,/mnt/datasets/resstock-2024/cosimulation/238996/up02/simulation_results_august/ochre.parquet
473426,/mnt/datasets/resstock-2024/cosimulation/473426/up02/simulation_results_august/ochre.parquet
95544,/mnt/datasets/resstock-2024/cosimulation/95544/up02/simulation_results_august/ochre.parquet
126795,/mnt/datasets/resstock-2024/cosimulation/126795/up02/simulation_results_august/ochre.parquet
201819,/mnt/datasets/resstock-2024/cosimulation/201819/up02/simulation_results_august/ochre.parquet
533820,/mnt/datasets/resstock-2024/cosimulation/533820/up02/simulation_results_august/ochre.parquet
203389,/mnt/datasets/resstock-2024/cosimulation/203389/up02/simulation_results_august/ochre.parquet
15007,/mnt/datasets/resstock-2024/cosimulation/15007/up02/simulation_results_august/ochre.parquet
66449,/mnt/datasets/resstock-2024/cosimulation/66449/up02/simulation_results_august/ochre.parquet
319626,/mnt/datasets/resstock-2024/cosimulation/319626/up02/simulation_results_august/ochre.parquet
233879,/mnt/datasets/resstock-2024/cosimulation/233879/up02/simulation_results_august/ochre.parquet
537424,/mnt/datasets/resstock-2024/cosimulation/537424/up02/simulation_results_august/ochre.parquet
239316,/mnt/datasets/resstock-2024/cosimulation/239316/up02/simulation_results_august/ochre.parquet
346824,/mnt/datasets/resstock-2024/cosimulation/346824/up02/simulation_results_august/ochre.parquet
411518,/mnt/datasets/resstock-2024/cosimulation/411518/up02/simulation_results_august/ochre.parquet
240492,/mnt/datasets/resstock-2024/cosimulation/240492/up02/simulation_results_august/ochre.parquet
197532,/mnt/datasets/resstock-2024/cosimulation/197532/up02/simulation_results_august/ochre.parquet
494604,/mnt/datasets/resstock-2024/cosimulation/494604/up02/simulation_results_august/ochre.parquet
465182,/mnt/datasets/resstock-2024/cosimulation/465182/up02/simulation_results_august/ochre.parquet
413473,/mnt/datasets/resstock-2024/cosimulation/413473/up02/simulation_results_august/ochre.parquet
262350,/mnt/datasets/resstock-2024/cosimulation/262350/up02/simulation_results_august/ochre.parquet
312755,/mnt/datasets/resstock-2024/cosimulation/312755/up02/simulation_results_august/ochre.parquet
386874,/mnt/datasets/resstock-2024/cosimulation/386874/up02/simulation_results_august/ochre.parquet
269943,/mnt/datasets/resstock-2024/cosimulation/269943/up02/simulation_results_august/ochre.parquet
194635,/mnt/datasets/resstock-2024/cosimulation/194635/up02/simulation_results_august/ochre.parquet
61674,/mnt/datasets/resstock-2024/cosimulation/61674/up02/simulation_results_august/ochre.parquet
209412,/mnt/datasets/resstock-2024/cosimulation/209412/up02/simulation_results_august/ochre.parquet
177375,/mnt/datasets/resstock-2024/cosimulation/177375/up02/simulation_results_august/ochre.parquet
122601,/mnt/datasets/resstock-2024/cosimulation/122601/up02/simulation_results_august/ochre.parquet
321516,/mnt/datasets/resstock-2024/cosimulation/321516/up02/simulation_results_august/ochre.parquet
1398,/mnt/datasets/resstock-2024/cosimulation/1398/up02/simulation_results_august/ochre.parquet
59912,/mnt/datasets/resstock-2024/cosimulation/59912/up02/simulation_results_august/ochre.parquet
205750,/mnt/datasets/resstock-2024/cosimulation/205750/up02/simulation_results_august/ochre.parquet
26402,/mnt/datasets/resstock-2024/cosimulation/26402/up02/simulation_results_august/ochre.parquet
242598,/mnt/datasets/resstock-2024/cosimulation/242598/up02/simulation_results_august/ochre.parquet
47959,/mnt/datasets/resstock-2024/cosimulation/47959/up02/simulation_results_august/ochre.parquet
305432,/mnt/datasets/resstock-2024/cosimulation/305432/up02/simulation_results_august/ochre.parquet
257107,/mnt/datasets/resstock-2024/cosimulation/257107/up02/simulation_results_august/ochre.parquet
519092,/mnt/datasets/resstock-2024/cosimulation/519092/up02/simulation_results_august/ochre.parquet
407841,/mnt/datasets/resstock-2024/cosimulation/407841/up02/simulation_results_august/ochre.parquet
88759,/mnt/datasets/resstock-2024/cosimulation/88759/up02/simulation_results_august/ochre.parquet
323278,/mnt/datasets/resstock-2024/cosimulation/323278/up02/simulation_results_august/ochre.parquet
42335,/mnt/datasets/resstock-2024/cosimulation/42335/up02/simulation_results_august/ochre.parquet
451978,/mnt/datasets/resstock-2024/cosimulation/451978/up02/simulation_results_august/ochre.parquet
506220,/mnt/datasets/resstock-2024/cosimulation/506220/up02/simulation_results_august/ochre.parquet
378673,/mnt/datasets/resstock-2024/cosimulation/378673/up02/simulation_results_august/ochre.parquet
493914,/mnt/datasets/resstock-2024/cosimulation/493914/up02/simulation_results_august/ochre.parquet
446349,/mnt/datasets/resstock-2024/cosimulation/446349/up02/simulation_results_august/ochre.parquet
6945,/mnt/datasets/resstock-2024/cosimulation/6945/up02/simulation_results_august/ochre.parquet
235662,/mnt/datasets/resstock-2024/cosimulation/235662/up02/simulation_results_august/ochre.parquet
277767,/mnt/datasets/resstock-2024/cosimulation/277767/up02/simulation_results_august/ochre.parquet
240381,/mnt/datasets/resstock-2024/cosimulation/240381/up02/simulation_results_august/ochre.parquet
219611,/mnt/datasets/resstock-2024/cosimulation/219611/up02/simulation_results_august/ochre.parquet
509992,/mnt/datasets/resstock-2024/cosimulation/509992/up02/simulation_results_august/ochre.parquet
476573,/mnt/datasets/resstock-2024/cosimulation/476573/up02/simulation_results_august/ochre.parquet
538593,/mnt/datasets/resstock-2024/cosimulation/538593/up02/simulation_results_august/ochre.parquet
428747,/mnt/datasets/resstock-2024/cosimulation/428747/up02/simulation_results_august/ochre.parquet
73108,/mnt/datasets/resstock-2024/cosimulation/73108/up02/simulation_results_august/ochre.parquet
190006,/mnt/datasets/resstock-2024/cosimulation/190006/up02/simulation_results_august/ochre.parquet
54034,/mnt/datasets/resstock-2024/cosimulation/54034/up02/simulation_results_august/ochre.parquet
316051,/mnt/datasets/resstock-2024/cosimulation/316051/up02/simulation_results_august/ochre.parquet
216764,/mnt/datasets/resstock-2024/cosimulation/216764/up02/simulation_results_august/ochre.parquet
77226,/mnt/datasets/resstock-2024/cosimulation/77226/up02/simulation_results_august/ochre.parquet
389744,/mnt/datasets/resstock-2024/cosimulation/389744/up02/simulation_results_august/ochre.parquet
8083,/mnt/datasets/resstock-2024/cosimulation/8083/up02/simulation_results_august/ochre.parquet
7989,/mnt/datasets/resstock-2024/cosimulation/7989/up02/simulation_results_august/ochre.parquet
384563,/mnt/datasets/resstock-2024/cosimulation/384563/up02/simulation_results_august/ochre.parquet
259612,/mnt/datasets/resstock-2024/cosimulation/259612/up02/simulation_results_august/ochre.parquet
162004,/mnt/datasets/resstock-2024/cosimulation/162004/up02/simulation_results_august/ochre.parquet
324981,/mnt/datasets/resstock-2024/cosimulation/324981/up02/simulation_results_august/ochre.parquet
130380,/mnt/datasets/resstock-2024/cosimulation/130380/up02/simulation_results_august/ochre.parquet
50580,/mnt/datasets/resstock-2024/cosimulation/50580/up02/simulation_results_august/ochre.parquet
293636,/mnt/datasets/resstock-2024/cosimulation/293636/up02/simulation_results_august/ochre.parquet
248221,/mnt/datasets/resstock-2024/cosimulation/248221/up02/simulation_results_august/ochre.parquet
265551,/mnt/datasets/resstock-2024/cosimulation/265551/up02/simulation_results_august/ochre.parquet
228624,/mnt/datasets/resstock-2024/cosimulation/228624/up02/simulation_results_august/ochre.parquet
201928,/mnt/datasets/resstock-2024/cosimulation/201928/up02/simulation_results_august/ochre.parquet
287709,/mnt/datasets/resstock-2024/cosimulation/287709/up02/simulation_results_august/ochre.parquet
522556,/mnt/datasets/resstock-2024/cosimulation/522556/up02/simulation_results_august/ochre.parquet
412019,/mnt/datasets/resstock-2024/cosimulation/412019/up02/simulation_results_august/ochre.parquet
505847,/mnt/datasets/resstock-2024/cosimulation/505847/up02/simulation_results_august/ochre.parquet
524444,/mnt/datasets/resstock-2024/cosimulation/524444/up02/simulation_results_august/ochre.parquet
282048,/mnt/datasets/resstock-2024/cosimulation/282048/up02/simulation_results_august/ochre.parquet
2234,/mnt/datasets/resstock-2024/cosimulation/2234/up02/simulation_results_august/ochre.parquet
404817,/mnt/datasets/resstock-2024/cosimulation/404817/up02/simulation_results_august/ochre.parquet
127663,/mnt/datasets/resstock-2024/cosimulation/127663/up02/simulation_results_august/ochre.parquet
535774,/mnt/datasets/resstock-2024/cosimulation/535774/up02/simulation_results_august/ochre.parquet
5251,/mnt/datasets/resstock-2024/cosimulation/5251/up02/simulation_results_august/ochre.parquet
491740,/mnt/datasets/resstock-2024/cosimulation/491740/up02/simulation_results_august/ochre.parquet
229196,/mnt/datasets/resstock-2024/cosimulation/229196/up02/simulation_results_august/ochre.parquet
75859,/mnt/datasets/resstock-2024/cosimulation/75859/up02/simulation_results_august/ochre.parquet
111433,/mnt/datasets/resstock-2024/cosimulation/111433/up02/simulation_results_august/ochre.parquet
229481,/mnt/datasets/resstock-2024/cosimulation/229481/up02/simulation_results_august/ochre.parquet
256260,/mnt/datasets/resstock-2024/cosimulation/256260/up02/simulation_results_august/ochre.parquet
534341,/mnt/datasets/resstock-2024/cosimulation/534341/up02/simulation_results_august/ochre.parquet
111557,/mnt/datasets/resstock-2024/cosimulation/111557/up02/simulation_results_august/ochre.parquet
492549,/mnt/datasets/resstock-2024/cosimulation/492549/up02/simulation_results_august/ochre.parquet
6545,/mnt/datasets/resstock-2024/cosimulation/6545/up02/simulation_results_august/ochre.parquet
176384,/mnt/datasets/resstock-2024/cosimulation/176384/up02/simulation_results_august/ochre.parquet
478833,/mnt/datasets/resstock-2024/cosimulation/478833/up02/simulation_results_august/ochre.parquet
447938,/mnt/datasets/resstock-2024/cosimulation/447938/up02/simulation_results_august/ochre.parquet
68863,/mnt/datasets/resstock-2024/cosimulation/68863/up02/simulation_results_august/ochre.parquet
388148,/mnt/datasets/resstock-2024/cosimulation/388148/up02/simulation_results_august/ochre.parquet
94350,/mnt/datasets/resstock-2024/cosimulation/94350/up02/simulation_results_august/ochre.parquet
27287,/mnt/datasets/resstock-2024/cosimulation/27287/up02/simulation_results_august/ochre.parquet
222350,/mnt/datasets/resstock-2024/cosimulation/222350/up02/simulation_results_august/ochre.parquet
492245,/mnt/datasets/resstock-2024/cosimulation/492245/up02/simulation_results_august/ochre.parquet
341670,/mnt/datasets/resstock-2024/cosimulation/341670/up02/simulation_results_august/ochre.parquet
523081,/mnt/datasets/resstock-2024/cosimulation/523081/up02/simulation_results_august/ochre.parquet
411339,/mnt/datasets/resstock-2024/cosimulation/411339/up02/simulation_results_august/ochre.parquet
549843,/mnt/datasets/resstock-2024/cosimulation/549843/up02/simulation_results_august/ochre.parquet
188246,/mnt/datasets/resstock-2024/cosimulation/188246/up02/simulation_results_august/ochre.parquet
176538,/mnt/datasets/resstock-2024/cosimulation/176538/up02/simulation_results_august/ochre.parquet
319337,/mnt/datasets/resstock-2024/cosimulation/319337/up02/simulation_results_august/ochre.parquet
241027,/mnt/datasets/resstock-2024/cosimulation/241027/up02/simulation_results_august/ochre.parquet
488596,/mnt/datasets/resstock-2024/cosimulation/488596/up02/simulation_results_august/ochre.parquet
214106,/mnt/datasets/resstock-2024/cosimulation/214106/up02/simulation_results_august/ochre.parquet
447578,/mnt/datasets/resstock-2024/cosimulation/447578/up02/simulation_results_august/ochre.parquet
506136,/mnt/datasets/resstock-2024/cosimulation/506136/up02/simulation_results_august/ochre.parquet
174570,/mnt/datasets/resstock-2024/cosimulation/174570/up02/simulation_results_august/ochre.parquet
160500,/mnt/datasets/resstock-2024/cosimulation/160500/up02/simulation_results_august/ochre.parquet
330646,/mnt/datasets/resstock-2024/cosimulation/330646/up02/simulation_results_august/ochre.parquet
502985,/mnt/datasets/resstock-2024/cosimulation/502985/up02/simulation_results_august/ochre.parquet
80223,/mnt/datasets/resstock-2024/cosimulation/80223/up02/simulation_results_august/ochre.parquet
493311,/mnt/datasets/resstock-2024/cosimulation/493311/up02/simulation_results_august/ochre.parquet
234094,/mnt/datasets/resstock-2024/cosimulation/234094/up02/simulation_results_august/ochre.parquet
196926,/mnt/datasets/resstock-2024/cosimulation/196926/up02/simulation_results_august/ochre.parquet
404858,/mnt/datasets/resstock-2024/cosimulation/404858/up02/simulation_results_august/ochre.parquet
485700,/mnt/datasets/resstock-2024/cosimulation/485700/up02/simulation_results_august/ochre.parquet
302621,/mnt/datasets/resstock-2024/cosimulation/302621/up02/simulation_results_august/ochre.parquet
31965,/mnt/datasets/resstock-2024/cosimulation/31965/up02/simulation_results_august/ochre.parquet
359627,/mnt/datasets/resstock-2024/cosimulation/359627/up02/simulation_results_august/ochre.parquet
432616,/mnt/datasets/resstock-2024/cosimulation/432616/up02/simulation_results_august/ochre.parquet
315517,/mnt/datasets/resstock-2024/cosimulation/315517/up02/simulation_results_august/ochre.parquet
78581,/mnt/datasets/resstock-2024/cosimulation/78581/up02/simulation_results_august/ochre.parquet
217704,/mnt/datasets/resstock-2024/cosimulation/217704/up02/simulation_results_august/ochre.parquet
153713,/mnt/datasets/resstock-2024/cosimulation/153713/up02/simulation_results_august/ochre.parquet
437412,/mnt/datasets/resstock-2024/cosimulation/437412/up02/simulation_results_august/ochre.parquet
343474,/mnt/datasets/resstock-2024/cosimulation/343474/up02/simulation_results_august/ochre.parquet
499731,/mnt/datasets/resstock-2024/cosimulation/499731/up02/simulation_results_august/ochre.parquet
188144,/mnt/datasets/resstock-2024/cosimulation/188144/up02/simulation_results_august/ochre.parquet
450692,/mnt/datasets/resstock-2024/cosimulation/450692/up02/simulation_results_august/ochre.parquet
33973,/mnt/datasets/resstock-2024/cosimulation/33973/up02/simulation_results_august/ochre.parquet
279405,/mnt/datasets/resstock-2024/cosimulation/279405/up02/simulation_results_august/ochre.parquet
486178,/mnt/datasets/resstock-2024/cosimulation/486178/up02/simulation_results_august/ochre.parquet
145405,/mnt/datasets/resstock-2024/cosimulation/145405/up02/simulation_results_august/ochre.parquet
314471,/mnt/datasets/resstock-2024/cosimulation/314471/up02/simulation_results_august/ochre.parquet
307573,/mnt/datasets/resstock-2024/cosimulation/307573/up02/simulation_results_august/ochre.parquet
419251,/mnt/datasets/resstock-2024/cosimulation/419251/up02/simulation_results_august/ochre.parquet
124966,/mnt/datasets/resstock-2024/cosimulation/124966/up02/simulation_results_august/ochre.parquet
79390,/mnt/datasets/resstock-2024/cosimulation/79390/up02/simulation_results_august/ochre.parquet
510701,/mnt/datasets/resstock-2024/cosimulation/510701/up02/simulation_results_august/ochre.parquet
111132,/mnt/datasets/resstock-2024/cosimulation/111132/up02/simulation_results_august/ochre.parquet
409483,/mnt/datasets/resstock-2024/cosimulation/409483/up02/simulation_results_august/ochre.parquet
528850,/mnt/datasets/resstock-2024/cosimulation/528850/up02/simulation_results_august/ochre.parquet
21295,/mnt/datasets/resstock-2024/cosimulation/21295/up02/simulation_results_august/ochre.parquet
173606,/mnt/datasets/resstock-2024/cosimulation/173606/up02/simulation_results_august/ochre.parquet
93768,/mnt/datasets/resstock-2024/cosimulation/93768/up02/simulation_results_august/ochre.parquet
401027,/mnt/datasets/resstock-2024/cosimulation/401027/up02/simulation_results_august/ochre.parquet
240212,/mnt/datasets/resstock-2024/cosimulation/240212/up02/simulation_results_august/ochre.parquet
373440,/mnt/datasets/resstock-2024/cosimulation/373440/up02/simulation_results_august/ochre.parquet
96010,/mnt/datasets/resstock-2024/cosimulation/96010/up02/simulation_results_august/ochre.parquet
381122,/mnt/datasets/resstock-2024/cosimulation/381122/up02/simulation_results_august/ochre.parquet
424439,/mnt/datasets/resstock-2024/cosimulation/424439/up02/simulation_results_august/ochre.parquet
