trial,cluster_index,cluster_size_houses,cluster_peak_kw,cluster_required_kva,chosen_transformer_kva
0,1,2,13.463970646099135,14.959967384554593,25.0
0,2,5,24.231139501931146,26.92348833547905,50.0
0,3,6,34.683365849967686,38.53707316663076,50.0
0,4,3,44.82056414116005,49.800626823511166,50.0
0,5,1,10.117320474424076,11.24146719380453,25.0
0,6,6,18.76011544595167,20.844572717724077,25.0
0,7,5,19.182637130265423,21.31404125585047,25.0
0,8,3,8.69514616205242,9.661273513391578,25.0
0,9,4,26.54416418110845,29.493515756787165,50.0
0,10,1,12.394033490466416,13.771148322740462,25.0
0,11,3,9.151083879950338,10.167870977722599,25.0
0,12,5,32.644191311130555,36.27132367903395,50.0
0,13,5,38.031577288079816,42.25730809786646,50.0
0,14,6,22.59655665421148,25.10728517134609,50.0
0,15,4,18.113366743311495,20.125963048123882,25.0
0,16,3,15.269387349204079,16.96598594356009,25.0
0,17,4,17.4456613972063,19.384068219118113,25.0
0,18,6,63.60104978828402,70.66783309809335,75.0
0,19,1,13.685345218546956,15.20593913171884,25.0
0,20,1,12.349351477294434,13.721501641438259,25.0
0,21,5,29.978538937199307,33.30948770799923,50.0
0,22,2,21.46892723274256,23.854363591936174,25.0
0,23,4,25.32499762078486,28.13888624531651,50.0
0,24,3,40.54327111967483,45.04807902186092,50.0
0,25,5,20.59804789703423,22.88671988559359,25.0
0,26,3,7.200597256797225,8.000663618663584,25.0
0,27,1,8.319029920961086,9.24336657884565,25.0
0,28,6,30.707013908012755,34.11890434223639,50.0
0,29,1,3.166848778340048,3.518720864822275,25.0
0,30,6,30.541698696929537,33.93522077436615,50.0
0,31,1,1.9700736277927198,2.1889706975474663,25.0
0,32,4,28.874069006789885,32.0822988964332,50.0
0,33,6,43.56493967004422,48.405488522271355,50.0
0,34,5,40.924504642407605,45.471671824897335,50.0
0,35,2,13.54567444746937,15.050749386077078,25.0
0,36,4,15.879780761942397,17.644200846602665,25.0
0,37,2,11.681834437213132,12.979816041347924,25.0
0,38,6,32.57317334301625,36.192414825573614,50.0
0,39,1,5.574464823432861,6.19384980381429,25.0
0,40,1,2.5323684670232014,2.8137427411368905,25.0
0,41,5,19.5585899437776,21.731766604197336,25.0
0,42,4,15.723052694096877,17.47005854899653,25.0
0,43,5,23.08944589784764,25.654939886497377,50.0
0,44,5,17.585680885524486,19.53964542836054,25.0
0,45,1,10.40128108827732,11.5569789869748,25.0
0,46,5,22.49395198836186,24.993279987068732,25.0
0,47,3,18.51083548426362,20.567594982515132,25.0
0,48,5,27.146172766217735,30.16241418468637,50.0
0,49,2,7.374614358049346,8.194015953388162,25.0
0,50,6,29.74232405095379,33.04702672328199,50.0
0,51,3,23.25303440749363,25.836704897215142,50.0
0,52,1,3.8761795103691705,4.306866122632411,25.0
0,53,5,37.71025221932336,41.90028024369262,50.0
0,54,1,6.31256584546862,7.013962050520688,25.0
0,55,4,26.112230564421285,29.01358951602365,50.0
0,56,1,8.640572951690299,9.60063661298922,25.0
0,57,2,22.068363079933683,24.520403422148537,25.0
0,58,4,15.743840273869257,17.493155859854728,25.0
0,59,4,22.067170919510225,24.519078799455805,25.0
0,60,3,13.703170765791835,15.225745295324261,25.0
0,61,2,8.293851766365918,9.215390851517688,25.0
0,62,1,13.324692150026028,14.80521350002892,25.0
0,63,3,12.67045424245503,14.078282491616699,25.0
0,64,2,15.957387634420478,17.73043070491164,25.0
0,65,6,33.82920284414955,37.58800316016617,50.0
0,66,3,27.44498226876688,30.49442474307431,50.0
0,67,4,40.61530873954101,45.12812082171223,50.0
0,68,4,35.770156132637226,39.744617925152475,50.0
0,69,6,30.48716315687857,33.87462572986507,50.0
0,70,5,19.658159078892098,21.842398976546775,25.0
0,71,4,17.290799849559757,19.211999832844175,25.0
0,72,3,20.85847298302452,23.176081092249465,25.0
0,73,6,33.590784510241704,37.32309390026856,50.0
0,74,5,55.33543649464296,61.483818327381066,75.0
0,75,5,18.22756770911777,20.252853010130856,25.0
0,76,4,27.345342569102495,30.38371396566944,50.0
0,77,1,2.7704182129000925,3.0782424587778805,25.0
0,78,3,17.476863547561635,19.418737275068484,25.0
0,79,5,48.21408635977869,53.57120706642077,75.0
0,80,5,17.054421339679124,18.949357044087915,25.0
0,81,5,30.923806162177712,34.359784624641904,50.0
0,82,2,10.375486837584937,11.528318708427708,25.0
0,83,2,11.953000771154919,13.28111196794991,25.0
0,84,6,28.38349197622979,31.53721330692199,50.0
1,1,3,16.734331737459602,18.59370193051067,25.0
1,2,3,15.021809405211433,16.690899339123813,25.0
1,3,6,27.813598197361355,30.90399799706817,50.0
1,4,5,38.35858019023978,42.62064465582198,50.0
1,5,2,10.448497321509738,11.609441468344153,25.0
1,6,3,16.87275380010787,18.747504222342076,25.0
1,7,4,29.23578601655508,32.484206685061196,50.0
1,8,6,34.64907100405801,38.49896778228668,50.0
1,9,4,14.704684808001172,16.33853867555686,25.0
1,10,2,12.021022622292156,13.35669180254684,25.0
1,11,6,22.681382440217845,25.201536044686495,50.0
1,12,4,19.145075647169456,21.27230627463273,25.0
1,13,4,15.732030804517926,17.48003422724214,25.0
1,14,4,20.377118536111375,22.641242817901528,25.0
1,15,6,31.656532241206058,35.173924712451175,50.0
1,16,3,27.58445127497582,30.649390305528687,50.0
1,17,6,24.68678262524677,27.42975847249641,50.0
1,18,4,16.721671369365936,18.57963485485104,25.0
1,19,6,38.67735942754068,42.97484380837853,50.0
1,20,2,16.665984947434644,18.51776105270516,25.0
1,21,6,28.017952179465688,31.131057977184096,50.0
1,22,6,17.604898295804876,19.560998106449862,25.0
1,23,4,23.460316301871355,26.067018113190393,50.0
1,24,5,40.845851203166305,45.38427911462923,50.0
1,25,5,18.820606665263245,20.911785183625828,25.0
1,26,4,43.17597903033732,47.97331003370813,50.0
1,27,6,21.10390134573828,23.448779273042533,25.0
1,28,6,17.223347878073085,19.137053197858982,25.0
1,29,2,10.910655522203186,12.122950580225762,25.0
1,30,3,11.162523095057265,12.402803438952517,25.0
1,31,5,20.650015912572847,22.944462125080943,25.0
1,32,6,24.223342211751614,26.914824679724013,50.0
1,33,6,42.43798591887473,47.15331768763859,50.0
1,34,1,1.535114263743383,1.7056825152704256,25.0
1,35,5,21.601462482234695,24.00162498026077,25.0
1,36,6,34.66458947432369,38.516210527026324,50.0
1,37,1,6.008367100749216,6.675963445276906,25.0
1,38,5,27.125083857199364,30.13898206355485,50.0
1,39,3,18.003842144558323,20.004269049509247,25.0
1,40,4,26.165100707838434,29.072334119820482,50.0
1,41,6,25.077285282441053,27.863650313823392,50.0
1,42,3,15.074337962679216,16.749264402976905,25.0
1,43,2,10.326333299465597,11.473703666072886,25.0
1,44,2,17.087806828802037,18.986452032002262,25.0
1,45,2,8.004455686262338,8.893839651402597,25.0
1,46,6,36.60428836703055,40.67143151892283,50.0
1,47,2,7.653697137867424,8.504107930963805,25.0
1,48,2,24.227450024238777,26.919388915820864,50.0
1,49,4,21.408896402841975,23.787662669824417,25.0
1,50,6,29.658719769009437,32.95413307667715,50.0
1,51,6,25.807036724767958,28.674485249742176,50.0
1,52,1,4.483162407840944,4.981291564267716,25.0
1,53,1,5.683775291035037,6.315305878927818,25.0
1,54,5,39.51601440696169,43.90668267440187,50.0
1,55,5,35.55087668301186,39.500974092235396,50.0
1,56,6,34.17810267284878,37.975669636498644,50.0
1,57,2,6.165739220614158,6.850821356237954,25.0
1,58,2,20.51215945711997,22.791288285688857,25.0
1,59,6,45.76126259918874,50.84584733243193,75.0
1,60,6,33.0074955828359,36.674995092039886,50.0
1,61,4,47.47751694127298,52.752796601414424,75.0
1,62,3,28.73108975735415,31.923433063726833,50.0
1,63,5,12.72555971815479,14.139510797949766,25.0
1,64,1,2.9616659980044218,3.2907399977826906,25.0
1,65,4,27.54146728171711,30.60163031301901,50.0
1,66,3,23.51647040677952,26.129411563088354,50.0
1,67,6,41.65254376387662,46.280604182085135,50.0
1,68,6,37.806708947111396,42.00745438567933,50.0
1,69,3,17.777355783009707,19.75261753667745,25.0
1,70,1,3.458231192854998,3.8424791031722196,25.0
1,71,6,38.46647328400819,42.740525871120205,50.0
1,72,5,17.944260923238517,19.93806769248724,25.0
1,73,2,20.739637093423738,23.044041214915264,25.0
1,74,1,7.5308698478167795,8.367633164240866,25.0
1,75,3,31.872019800892552,35.413355334325054,50.0
1,76,3,9.185184602263021,10.205760669181135,25.0
2,1,3,25.17703375706405,27.974481952293388,50.0
2,2,4,23.786332904313422,26.429258782570468,50.0
2,3,2,13.861173747249563,15.401304163610625,25.0
2,4,6,14.045741275332098,15.606379194813442,25.0
2,5,2,13.922255320034802,15.469172577816446,25.0
2,6,6,27.06224371691018,30.069159685455755,50.0
2,7,6,30.867694398344575,34.29743822038286,50.0
2,8,1,9.774189283399112,10.860210314887903,25.0
2,9,5,31.04246827083687,34.49163141204097,50.0
2,10,3,21.306659278179215,23.67406586464357,25.0
2,11,4,27.719483452146687,30.799426057940764,50.0
2,12,2,15.96850732365392,17.742785915171023,25.0
2,13,3,22.780212886017402,25.311347651130447,50.0
2,14,5,25.529430141957842,28.366033491064268,50.0
2,15,4,9.733852810381002,10.815392011534447,25.0
2,16,3,20.511371774462308,22.7904130827359,25.0
2,17,5,21.955217329387615,24.394685921541793,25.0
2,18,3,17.95633289623439,19.951480995815988,25.0
2,19,5,24.74447847106367,27.49386496784852,50.0
2,20,5,27.053054187519145,30.05894909724349,50.0
2,21,6,30.973922407699924,34.4154693418888,50.0
2,22,4,44.98095561362989,49.978839570699876,50.0
2,23,5,21.020923932652398,23.356582147391553,25.0
2,24,5,34.9013040452511,38.779226716945665,50.0
2,25,5,19.83804810052723,22.04227566725248,25.0
2,26,3,19.78655914653965,21.98506571837739,25.0
2,27,2,13.090599540152605,14.54511060016956,25.0
2,28,4,27.850250609215394,30.944722899128216,50.0
2,29,3,30.0628946395005,33.40321626611166,50.0
2,30,2,6.401490781414927,7.112767534905474,25.0
2,31,2,10.908514548710926,12.120571720789917,25.0
2,32,5,29.421594407016123,32.69066045224014,50.0
2,33,4,33.39189612659817,37.102106807331296,50.0
2,34,6,19.03797023720054,21.153300263556154,25.0
2,35,4,24.485375356136974,27.20597261792997,50.0
2,36,2,13.339111305113267,14.821234783459186,25.0
2,37,6,35.348085107688476,39.27565011965386,50.0
2,38,3,31.166129494222538,34.629032771358375,50.0
2,39,1,9.64978873959041,10.721987488433788,25.0
2,40,1,17.91756784755606,19.908408719506735,25.0
2,41,4,40.006232619061954,44.4513695767355,50.0
2,42,1,4.2294528237208135,4.69939202635646,25.0
2,43,5,14.975591559813006,16.639546177570008,25.0
2,44,1,8.443905459775033,9.382117177527814,25.0
2,45,3,12.163911181637506,13.515456868486117,25.0
2,46,4,18.6517951525027,20.72421683611411,25.0
2,47,1,13.301094773646827,14.77899419294092,25.0
2,48,5,21.26695344622388,23.629948273582087,25.0
2,49,1,2.7076842829550456,3.0085380921722726,25.0
2,50,1,20.820594078402564,23.133993420447293,25.0
2,51,1,2.561184035306594,2.845760039229549,25.0
2,52,6,42.05660451596714,46.729560573296816,50.0
2,53,3,29.486916553384937,32.76324061487215,50.0
2,54,3,7.884226776242046,8.760251973602273,25.0
2,55,2,17.574533506830846,19.527259452034272,25.0
2,56,6,27.32455813668298,30.360620151869977,50.0
2,57,4,19.756724642533726,21.951916269481917,25.0
2,58,6,46.721193983871785,51.91243775985754,75.0
2,59,6,29.561728358454037,32.84636484272671,50.0
2,60,6,28.393334861203517,31.548149845781683,50.0
2,61,5,23.49292492706562,26.103249918961797,50.0
2,62,3,25.984571561279264,28.87174617919918,50.0
2,63,3,18.44901587149832,20.498906523887023,25.0
2,64,1,5.95079700000429,6.611996666671432,25.0
2,65,5,20.930509219593326,23.256121355103694,25.0
2,66,4,28.806260709848193,32.00695634427577,50.0
2,67,6,18.939494778483056,21.043883087203394,25.0
2,68,3,20.35264967839887,22.614055198220964,25.0
2,69,1,25.543165332529686,28.381294813921873,50.0
2,70,1,6.6077258637388185,7.341917626376465,25.0
2,71,5,23.469655688044103,26.07739520893789,50.0
2,72,6,25.76859874212199,28.631776380135545,50.0
2,73,3,16.33156116886405,18.146179076515608,25.0
2,74,1,5.993373553899687,6.6593039487774295,25.0
2,75,1,3.3312727494567134,3.7014141660630147,25.0
2,76,4,21.75329419450007,24.170326882777857,25.0
2,77,5,26.11416947673587,29.015743863039855,50.0
2,78,2,7.029794777505598,7.810883086117331,25.0
2,79,2,19.381696942388764,21.535218824876406,25.0
2,80,3,36.296975920864256,40.32997324540473,50.0
2,81,5,28.02917343559215,31.14352603954683,50.0
2,82,3,14.662933647910826,16.292148497678696,25.0
2,83,4,21.20198416725662,23.55776018584069,25.0
2,84,4,25.1184556614996,27.909395179443997,50.0
2,85,4,26.321486812944165,29.246096458826848,50.0
3,1,3,30.284728534465238,33.64969837162804,50.0
3,2,4,10.524035016212867,11.693372240236519,25.0
3,3,3,16.085808099078786,17.87312011008754,25.0
3,4,3,20.388694014360027,22.65410446040003,25.0
3,5,2,7.92425030602231,8.804722562247012,25.0
3,6,3,10.913138527862426,12.125709475402696,25.0
3,7,4,23.117977816133816,25.686642017926463,50.0
3,8,3,16.7513170490348,18.612574498927554,25.0
3,9,2,18.160535130926366,20.17837236769596,25.0
3,10,6,32.522257760544996,36.13584195616111,50.0
3,11,2,8.140926712200306,9.045474124667006,25.0
3,12,1,10.229599523023072,11.366221692247858,25.0
3,13,3,30.761883217816646,34.179870242018495,50.0
3,14,6,39.77032550254339,44.189250558381545,50.0
3,15,4,34.976420460435676,38.862689400484086,50.0
3,16,2,18.36386132106353,20.404290356737256,25.0
3,17,6,26.019185645407667,28.910206272675186,50.0
3,18,5,27.347754569423877,30.386393966026528,50.0
3,19,6,18.257303211970576,20.285892457745085,25.0
3,20,2,11.691678913181857,12.990754347979841,25.0
3,21,3,14.616776399457212,16.240862666063567,25.0
3,22,3,15.426155280807183,17.140172534230203,25.0
3,23,6,36.705710171705796,40.784122413006436,50.0
3,24,5,66.04795712121212,73.38661902356903,75.0
3,25,2,9.60810932145067,10.675677023834076,25.0
3,26,6,45.32570488160406,50.3618943128934,75.0
3,27,2,11.729296076659189,13.032551196287987,25.0
3,28,3,28.010724702722413,31.123027447469347,50.0
3,29,2,17.455882942646262,19.39542549182918,25.0
3,30,4,17.321824379234027,19.24647153248225,25.0
3,31,1,8.071326237398283,8.96814026377587,25.0
3,32,3,15.905030828200625,17.67225647577847,25.0
3,33,6,28.951765533880234,32.168628370978034,50.0
3,34,2,43.259523887963404,48.06613765329267,50.0
3,35,3,25.734134737291576,28.593483041435086,50.0
3,36,6,23.814566858281903,26.460629842535447,50.0
3,37,3,30.999242649838603,34.443602944265116,50.0
3,38,6,29.57110143308101,32.85677937009001,50.0
3,39,4,20.950251482669977,23.27805720296664,25.0
3,40,6,24.129278185148593,26.810309094609547,50.0
3,41,6,35.03247094476153,38.924967716401696,50.0
3,42,6,21.343557956730162,23.715064396366845,25.0
3,43,4,27.670802020327606,30.745335578141784,50.0
3,44,6,39.544554464179036,43.93839384908782,50.0
3,45,5,31.26271890584132,34.73635433982369,50.0
3,46,4,16.85085393036963,18.723171033744034,25.0
3,47,1,7.274610915509813,8.082901017233125,25.0
3,48,2,15.312933022387389,17.014370024874875,25.0
3,49,3,17.282580180858712,19.20286686762079,25.0
3,50,3,12.3618257292917,13.735361921435222,25.0
3,51,5,37.18683934144597,41.318710379384406,50.0
3,52,2,10.777330669439332,11.974811854932591,25.0
3,53,6,26.6856532999652,29.65072588885022,50.0
3,54,2,14.25815506861924,15.842394520688044,25.0
3,55,4,23.797405583573845,26.441561759526493,50.0
3,56,5,24.46319795458061,27.18133106064512,50.0
3,57,2,6.812509337638836,7.569454819598707,25.0
3,58,6,40.773054631631055,45.303394035145615,50.0
3,59,4,17.521921238538617,19.46880137615402,25.0
3,60,4,16.609578684142573,18.45508742682508,25.0
3,61,2,18.203956277105647,20.22661808567294,25.0
3,62,5,19.44480803914345,21.605342265714942,25.0
3,63,2,7.1718795917525595,7.968755101947288,25.0
3,64,2,12.60498587423427,14.0055398602603,25.0
3,65,1,15.469636209065564,17.188484676739517,25.0
3,66,6,81.36238061248837,90.40264512498707,
3,67,2,7.116112039306456,7.906791154784951,25.0
3,68,4,22.833359153722807,25.370399059692005,50.0
3,69,5,16.64818815718608,18.497986841317868,25.0
3,70,4,24.995276277994805,27.772529197772005,50.0
3,71,4,17.758626981895453,19.731807757661613,25.0
3,72,6,56.02465455887372,62.24961617652635,75.0
3,73,2,11.724169675231817,13.02685519470202,25.0
3,74,2,23.16318553216115,25.736872813512388,50.0
3,75,4,32.82704139903492,36.47449044337213,50.0
3,76,2,20.367188801774184,22.63020977974909,25.0
3,77,5,10.268415603298028,11.409350670331142,25.0
3,78,4,47.34171344732624,52.60190383036249,75.0
3,79,5,42.1559075645992,46.83989729399911,50.0
3,80,5,22.89127799725056,25.434753330278397,50.0
3,81,4,23.585858005394172,26.20650889488241,50.0
3,82,1,12.184125778368546,13.537917531520607,25.0
4,1,2,9.85606257805107,10.951180642278967,25.0
4,2,5,14.36016704887191,15.955741165413233,25.0
4,3,3,14.27640956109807,15.862677290108966,25.0
4,4,3,27.98825178772054,31.09805754191171,50.0
4,5,4,15.140066948853052,16.822296609836723,25.0
4,6,4,19.47315123101184,21.63683470112427,25.0
4,7,6,20.5705572344604,22.856174704955997,25.0
4,8,4,25.355165353769173,28.172405948632413,50.0
4,9,3,28.444444009366748,31.604937788185275,50.0
4,10,2,26.692510996819475,29.65834555202164,50.0
4,11,5,20.46518186782185,22.7390909642465,25.0
4,12,1,11.982681027944475,13.314090031049416,25.0
4,13,5,19.189081241160352,21.32120137906706,25.0
4,14,6,23.93094503127921,26.58993892364357,50.0
4,15,2,11.643749553862147,12.937499504291274,25.0
4,16,5,21.610091025692736,24.011212250769706,25.0
4,17,4,19.6191104581147,21.799011620127445,25.0
4,18,5,42.02947654590155,46.699418384335054,50.0
4,19,5,24.539426557481427,27.266029508312695,50.0
4,20,4,20.44601640740816,22.717796008231286,25.0
4,21,2,16.619056769368747,18.46561863263194,25.0
4,22,5,16.785557164799076,18.650619071998975,25.0
4,23,6,18.789831054680228,20.877590060755807,25.0
4,24,6,25.63937765384647,28.488197393162743,50.0
4,25,1,13.324692150026028,14.80521350002892,25.0
4,26,2,38.29433375760646,42.549259730673846,50.0
4,27,1,13.7383100421464,15.264788935718222,25.0
4,28,5,39.063309289508275,43.403676988342525,50.0
4,29,4,17.417525539130356,19.352806154589285,25.0
4,30,6,40.01159868134999,44.457331868166655,50.0
4,31,2,15.580372201171924,17.311524667968804,25.0
4,32,6,24.106974927420854,26.78552769713428,50.0
4,33,4,23.759837881853965,26.399819868726627,50.0
4,34,5,34.26425094813506,38.071389942372285,50.0
4,35,2,8.708664611892969,9.67629401321441,25.0
4,36,4,30.052096856245672,33.39121872916186,50.0
4,37,6,29.404786446350894,32.67198494038988,50.0
4,38,5,20.45790581877842,22.731006465309356,25.0
4,39,3,25.378596080849523,28.1984400898328,50.0
4,40,3,20.39413520444724,22.6601502271636,25.0
4,41,1,9.337507810831324,10.375008678701471,25.0
4,42,5,27.047144433900186,30.05238270433354,50.0
4,43,2,25.03835971340782,27.820399681564247,50.0
4,44,6,41.59919559945348,46.2213284438372,50.0
4,45,1,21.35216833062156,23.7246314784684,25.0
4,46,5,18.78688789228556,20.874319880317287,25.0
4,47,6,38.7485383324605,43.053931480511665,50.0
4,48,5,25.383881754792096,28.204313060880107,50.0
4,49,5,21.96614121568868,24.40682357298742,25.0
4,50,6,52.66829154245182,58.52032393605757,75.0
4,51,2,8.9414512838289,9.934945870921,25.0
4,52,2,10.747409646637855,11.941566274042062,25.0
4,53,2,14.06566926318082,15.628521403534243,25.0
4,54,5,26.69669990763343,29.662999897370476,50.0
4,55,5,13.912796419024854,15.458662687805393,25.0
4,56,4,34.09871977574776,37.887466417497514,50.0
4,57,5,30.653110561419727,34.059011734910804,50.0
4,58,6,51.48735346698446,57.20817051887162,75.0
4,59,3,18.51997656533742,20.5777517392638,25.0
4,60,6,34.37821203413294,38.198013371258824,50.0
4,61,6,39.720670388237686,44.13407820915298,50.0
4,62,3,18.634017981633974,20.70446442403775,25.0
4,63,3,9.346393863060328,10.38488207006703,25.0
4,64,1,15.27790875759625,16.975454175106943,25.0
4,65,4,14.064851575485376,15.627612861650418,25.0
4,66,3,13.836412793891046,15.373791993212274,25.0
4,67,1,8.079723331706273,8.977470368562525,25.0
4,68,4,25.157912714928727,27.953236349920807,50.0
4,69,4,22.689202075032874,25.210224527814304,50.0
4,70,6,23.926345916523772,26.584828796137522,50.0
4,71,2,18.027659768400948,20.030733076001052,25.0
4,72,5,23.25128385198546,25.834759835539398,50.0
4,73,1,1.9700736277927198,2.1889706975474663,25.0
4,74,5,37.083127917977045,41.203475464418936,50.0
4,75,3,21.350138759194195,23.72237639910466,25.0
4,76,5,27.916094399915025,31.01788266657225,50.0
4,77,4,19.342765219291028,21.49196135476781,25.0
4,78,2,24.820822350700233,27.578691500778035,50.0
4,79,3,26.423654345515,29.35961593946111,50.0
5,1,3,17.211367224225327,19.123741360250364,25.0
5,2,2,13.141693312154157,14.601881457949062,25.0
5,3,1,6.567489809020972,7.297210898912191,25.0
5,4,6,37.357109637608474,41.50789959734275,50.0
5,5,4,17.552666049341024,19.502962277045583,25.0
5,6,6,26.73760172005726,29.708446355619177,50.0
5,7,1,7.158086617831399,7.953429575368221,25.0
5,8,6,17.91632064226303,19.907022935847813,25.0
5,9,2,8.761557636506975,9.735064040563305,25.0
5,10,5,12.85457183045941,14.282857589399343,25.0
5,11,5,16.389319164728022,18.210354627475578,25.0
5,12,2,15.346974179045954,17.052193532273282,25.0
5,13,1,5.678822839761317,6.309803155290352,25.0
5,14,1,9.588934353748016,10.654371504164462,25.0
5,15,1,6.731486043786694,7.479428937540771,25.0
5,16,4,50.851275622289904,56.50141735809989,75.0
5,17,6,73.5358048512063,81.70644983467366,
5,18,4,40.89513958900788,45.43904398778653,50.0
5,19,1,5.993373553899687,6.6593039487774295,25.0
5,20,3,16.217644686349054,18.019605207054504,25.0
5,21,1,2.322225042019162,2.5802500466879574,25.0
5,22,5,22.902656238765907,25.447395820851007,50.0
5,23,4,13.762067429898144,15.291186033220159,25.0
5,24,6,43.281414753823064,48.09046083758118,50.0
5,25,3,17.078668766979625,18.97629862997736,25.0
5,26,4,24.25884449358844,26.954271659542712,50.0
5,27,2,14.233338461988314,15.814820513320349,25.0
5,28,1,2.561184035306594,2.845760039229549,25.0
5,29,1,7.922563710971249,8.802848567745832,25.0
5,30,3,17.636208392259565,19.595787102510627,25.0
5,31,5,15.767461202456499,17.519401336062774,25.0
5,32,2,33.286799552475614,36.98533283608401,50.0
5,33,4,18.36087135846476,20.400968176071956,25.0
5,34,4,43.92049356416524,48.800548404628046,50.0
5,35,1,14.647903042355404,16.275447824839336,25.0
5,36,3,12.112218094495718,13.458020104995242,25.0
5,37,2,15.403853642897225,17.11539293655247,25.0
5,38,4,24.35511544847173,27.06123938719081,50.0
5,39,5,38.08089224873845,42.31210249859828,50.0
5,40,5,37.347158688977736,41.49684298775304,50.0
5,41,6,25.50653728266304,28.34059698073671,50.0
5,42,4,13.24536364474214,14.717070716380155,25.0
5,43,4,15.02139429897349,16.690438109970543,25.0
5,44,2,12.896320997713065,14.329245553014516,25.0
5,45,2,10.183743352821441,11.315270392023823,25.0
5,46,5,20.274884702930127,22.52764966992236,25.0
5,47,1,2.425257019847737,2.694730022053041,25.0
5,48,2,18.921907650433056,21.024341833814507,25.0
5,49,1,14.41730927906047,16.01923253228941,25.0
5,50,1,4.69147440945603,5.212749343840033,25.0
5,51,6,31.601446425385397,35.112718250428216,50.0
5,52,1,8.816579688587137,9.796199653985708,25.0
5,53,5,29.07925499382662,32.31028332647402,50.0
5,54,1,15.747205805024624,17.49689533891625,25.0
5,55,2,14.613063446519977,16.236737162799972,25.0
5,56,6,23.05895187092062,25.621057634356244,50.0
5,57,3,15.929857326953167,17.699841474392407,25.0
5,58,5,17.03851590820352,18.931684342448357,25.0
5,59,1,18.378508723913672,20.42056524879297,25.0
5,60,1,9.598992773750444,10.665547526389382,25.0
5,61,1,21.741795183553208,24.15755020394801,25.0
5,62,4,28.701316140857774,31.89035126761975,50.0
5,63,1,4.838735757935776,5.376373064373085,25.0
5,64,6,21.68493142004133,24.094368244490365,25.0
5,65,4,27.460152981238867,30.511281090265406,50.0
5,66,5,37.34589928415671,41.495443649063006,50.0
5,67,5,32.132569607962196,35.702855119957995,50.0
5,68,6,49.756691682575045,55.28521298063894,75.0
5,69,1,2.767980707590876,3.0755341195454178,25.0
5,70,2,14.282944158251022,15.869937953612245,25.0
5,71,3,11.386006121992004,12.651117913324448,25.0
5,72,6,30.19578010344563,33.55086678160626,50.0
5,73,4,16.79437779817237,18.660419775747076,25.0
5,74,3,11.882951074470522,13.203278971633914,25.0
5,75,3,14.897797209442963,16.55310801049218,25.0
5,76,1,20.546617156056676,22.829574617840752,25.0
5,77,1,9.540572670226007,10.60063630025112,25.0
5,78,4,20.637137924859534,22.930153249843926,25.0
5,79,3,20.55234245788721,22.83593606431912,25.0
5,80,4,26.318249981117752,29.242499979019723,50.0
5,81,4,21.514973468710657,23.905526076345176,25.0
5,82,2,14.694710553526582,16.32745617058509,25.0
5,83,2,16.09984767021049,17.88871963356721,25.0
5,84,2,20.971578916857588,23.301754352063988,25.0
5,85,4,22.053030136615664,24.50336681846185,25.0
5,86,4,27.997357256759695,31.108174729732994,50.0
5,87,3,40.86900564314772,45.41000627016414,50.0
5,88,3,17.775242180064723,19.750269088960803,25.0
5,89,5,14.740955542507631,16.378839491675144,25.0
5,90,2,21.462040659907387,23.84671184434154,25.0
5,91,4,21.8847878283992,24.316430920443555,25.0
5,92,6,22.89677816618963,25.44086462909959,50.0
5,93,1,13.04813912541726,14.497932361574733,25.0
5,94,5,37.69718101272949,41.88575668081054,50.0
5,95,1,3.5555391948468573,3.950599105385397,25.0
6,1,6,35.3256194675541,39.25068829728233,50.0
6,2,1,6.321295152716637,7.023661280796263,25.0
6,3,2,4.014391551600178,4.460435057333531,25.0
6,4,1,8.060027359795459,8.955585955328287,25.0
6,5,3,15.971325170676556,17.745916856307282,25.0
6,6,4,21.21455046700823,23.571722741120254,25.0
6,7,6,29.32639167556236,32.58487963951373,50.0
6,8,1,8.986323730336563,9.984804144818403,25.0
6,9,2,10.242208328428054,11.380231476031172,25.0
6,10,4,42.00828119601506,46.67586799557229,50.0
6,11,5,21.97277928195531,24.41419920217257,25.0
6,12,5,17.42128415846898,19.356982398298864,25.0
6,13,6,26.387545594612043,29.319495105124492,50.0
6,14,1,4.180688113905228,4.645209015450254,25.0
6,15,4,29.327525776886347,32.58613975209594,50.0
6,16,4,66.11014747664288,73.45571941849208,75.0
6,17,2,12.328667968956548,13.698519965507275,25.0
6,18,6,43.84587337380707,48.717637082007855,50.0
6,19,5,23.989816734771196,26.65535192752355,50.0
6,20,5,31.71009103941949,35.23343448824387,50.0
6,21,6,28.86777590897353,32.07530656552615,50.0
6,22,5,32.43544899319923,36.03938777022137,50.0
6,23,1,7.090235191302014,7.878039101446682,25.0
6,24,2,8.40254988761874,9.3361665417986,25.0
6,25,5,20.55483781584089,22.838708684267655,25.0
6,26,4,23.349577980020605,25.943975533356227,50.0
6,27,3,7.381761012540267,8.201956680600295,25.0
6,28,4,17.652819102215542,19.61424344690616,25.0
6,29,4,14.600702772505247,16.223003080561387,25.0
6,30,4,31.041936145187307,34.491040161319226,50.0
6,31,6,22.427700560759142,24.91966728973238,25.0
6,32,2,11.96301775336654,13.292241948185044,25.0
6,33,1,3.0789535373516346,3.4210594859462606,25.0
6,34,6,32.19271822459658,35.769686916218426,50.0
6,35,1,5.2992765892627585,5.888085099180842,25.0
6,36,1,7.761846273120921,8.624273636801023,25.0
6,37,4,11.867413958529987,13.186015509477762,25.0
6,38,1,8.168388011608316,9.075986679564796,25.0
6,39,3,5.003505061408695,5.559450068231883,25.0
6,40,6,18.464198701334364,20.51577633481596,25.0
6,41,2,7.436066280362589,8.262295867069543,25.0
6,42,2,8.854228834312615,9.838032038125126,25.0
6,43,3,19.62939319978622,21.810436888651356,25.0
6,44,1,8.491217428341779,9.434686031490864,25.0
6,45,3,19.346363330959466,21.495959256621628,25.0
6,46,4,14.465840463504797,16.073156070560884,25.0
6,47,2,18.390041474619636,20.43337941624404,25.0
6,48,6,36.38253635461811,40.42504039402012,50.0
6,49,2,21.0357439301542,23.373048811282445,25.0
6,50,2,17.30407132246446,19.2267459138494,25.0
6,51,4,41.574048589668465,46.19338732185385,50.0
6,52,6,26.682904901039276,29.647672112265862,50.0
6,53,4,16.528365050153866,18.364850055726517,25.0
6,54,4,13.833291067864097,15.370323408737885,25.0
6,55,6,24.31253122249286,27.013923580547623,50.0
6,56,3,26.366296763238136,29.295885292486815,50.0
6,57,1,9.23768482988182,10.264094255424244,25.0
6,58,5,28.865257866794618,32.07250874088291,50.0
6,59,2,7.346751154431384,8.163056838257093,25.0
6,60,6,36.13781907068642,40.153132300762685,50.0
6,61,2,7.265724726931818,8.073027474368686,25.0
6,62,6,28.47823958181118,31.642488424234646,50.0
6,63,5,20.090543106848635,22.32282567427626,25.0
6,64,1,8.463388442285064,9.403764935872292,25.0
6,65,4,18.590844323954954,20.65649369328328,25.0
6,66,2,22.08888408513338,24.543204539037088,25.0
6,67,5,19.580890033232354,21.756544481369282,25.0
6,68,3,13.967606261571321,15.519562512857023,25.0
6,69,3,13.847929708982301,15.38658856553589,25.0
6,70,6,26.049732225090857,28.944146916767618,50.0
6,71,5,27.370583574672253,30.411759527413615,50.0
6,72,6,18.402325161913286,20.447027957681428,25.0
6,73,5,16.50532999998378,18.33925555553753,25.0
6,74,3,19.195465786381494,21.328295318201658,25.0
6,75,6,36.32622534584751,40.362472606497235,50.0
6,76,4,26.247004389502298,29.16333821055811,50.0
6,77,1,10.51792215094629,11.6865801677181,25.0
6,78,3,19.7707240708467,21.967471189829666,25.0
6,79,5,23.976274429231335,26.64030492136815,50.0
6,80,2,23.851617093254085,26.501796770282315,50.0
6,81,1,4.5956173924874975,5.10624154720833,25.0
6,82,4,14.43959180319292,16.04399089243658,25.0
6,83,4,23.89066411742545,26.545182352694944,50.0
6,84,6,36.70254901232059,40.78061001368954,50.0
6,85,1,8.816579688587137,9.796199653985708,25.0
7,1,5,19.493667974343587,21.659631082603987,25.0
7,2,6,31.978722734141513,35.53191414904612,50.0
7,3,1,11.439885949740129,12.710984388600142,25.0
7,4,3,18.828571412745212,20.920634903050235,25.0
7,5,6,21.8100618728364,24.23340208092933,25.0
7,6,1,3.3974512769061165,3.7749458632290183,25.0
7,7,3,22.17167561548076,24.635195128311953,25.0
7,8,6,46.5169877514776,51.68554194608622,75.0
7,9,5,18.988986686699064,21.098874096332292,25.0
7,10,5,29.647275884378054,32.941417649308946,50.0
7,11,6,46.39388858625631,51.548765095840345,75.0
7,12,4,13.666496525149752,15.18499613905528,25.0
7,13,4,18.77223636999816,20.85804041110907,25.0
7,14,4,25.91152288503968,28.79058098337742,50.0
7,15,5,50.59900899957767,56.22112111064185,75.0
7,16,2,12.899158431068033,14.332398256742259,25.0
7,17,4,19.602608628592925,21.780676253992137,25.0
7,18,4,17.219871000507027,19.133190000563363,25.0
7,19,1,3.5385468344380655,3.9317187049311837,25.0
7,20,6,34.76392254224341,38.62658060249267,50.0
7,21,2,21.52885621918084,23.92095135464538,25.0
7,22,2,8.912678840724258,9.90297648969362,25.0
7,23,5,20.325875946418268,22.58430660713141,25.0
7,24,1,12.707879515361181,14.11986612817909,25.0
7,25,6,30.747247540786226,34.16360837865136,50.0
7,26,5,15.24420916098346,16.93801017887051,25.0
7,27,4,35.167804175337494,39.07533797259722,50.0
7,28,5,31.276306637218546,34.75145181913172,50.0
7,29,4,33.226536453847345,36.91837383760816,50.0
7,30,2,9.626180673338864,10.695756303709848,25.0
7,31,2,12.162140932611361,13.513489925123734,25.0
7,32,5,21.57735075116598,23.9748341679622,25.0
7,33,2,12.464007151119262,13.848896834576957,25.0
7,34,5,21.464941152103535,23.849934613448372,25.0
7,35,2,11.170448843804287,12.411609826449208,25.0
7,36,2,12.317681851104183,13.686313167893536,25.0
7,37,4,18.825788895461958,20.917543217179954,25.0
7,38,2,6.39897185364504,7.109968726272267,25.0
7,39,3,38.108269401043614,42.34252155671513,50.0
7,40,1,1.9700736277927198,2.1889706975474663,25.0
7,41,4,11.603649709844378,12.892944122049308,25.0
7,42,4,44.734605524476905,49.705117249418784,50.0
7,43,3,22.166065527225733,24.62896169691748,25.0
7,44,4,21.01487233735648,23.34985815261831,25.0
7,45,1,5.2992765892627585,5.888085099180842,25.0
7,46,4,15.00904802003254,16.676720022258376,25.0
7,47,4,17.054457191565245,18.94939687951694,25.0
7,48,2,16.957148094506373,18.841275660562637,25.0
7,49,3,26.508134366564132,29.4534826295157,50.0
7,50,3,13.022293617687483,14.46921513076387,25.0
7,51,5,37.93385326296379,42.14872584773754,50.0
7,52,2,8.440411916676709,9.378235462974121,25.0
7,53,5,21.899682952465326,24.332981058294806,25.0
7,54,3,29.03662742360806,32.26291935956451,50.0
7,55,2,6.491095135377437,7.212327928197152,25.0
7,56,3,17.316997670028567,19.241108522253963,25.0
7,57,1,3.4158798365465346,3.7954220406072605,25.0
7,58,3,18.71425117503675,20.7936124167075,25.0
7,59,2,10.385674902511818,11.539638780568687,25.0
7,60,2,16.75727339532452,18.61919266147169,25.0
7,61,5,30.24915199564323,33.610168884048036,50.0
7,62,3,9.058734688781675,10.065260765312972,25.0
7,63,5,28.34111407572083,31.490126750800922,50.0
7,64,1,3.234500874243067,3.593889860270074,25.0
7,65,1,10.59794266774202,11.775491853046688,25.0
7,66,2,30.3830657975114,33.758961997234884,50.0
7,67,3,11.992900967516174,13.325445519462416,25.0
7,68,6,26.890141431245965,29.877934923606627,50.0
7,69,6,18.021154203101236,20.023504670112484,25.0
7,70,4,20.15901306848559,22.39890340942843,25.0
7,71,5,18.81399163272582,20.904435147473134,25.0
7,72,3,10.978219526970786,12.198021696634207,25.0
7,73,4,15.535007113770124,17.26111901530014,25.0
7,74,1,8.27523872059516,9.194709689550178,25.0
7,75,5,23.281391171369638,25.86821241263293,50.0
7,76,2,22.534739913007844,25.038599903342046,50.0
7,77,5,18.006025084282268,20.00669453809141,25.0
7,78,1,9.491966688700264,10.546629654111404,25.0
7,79,1,18.847687051067286,20.941874501185872,25.0
7,80,2,11.382866445071157,12.647629383412395,25.0
7,81,6,41.54008210290717,46.15564678100797,50.0
7,82,4,26.513213490728507,29.459126100809453,50.0
7,83,1,8.613735292678891,9.570816991865435,25.0
7,84,4,38.61116440234397,42.90129378038218,50.0
7,85,2,12.489377111740296,13.87708567971144,25.0
7,86,1,2.589825910323453,2.8775843448038363,25.0
7,87,5,39.1185929932374,43.465103325819335,50.0
7,88,4,62.190131236839505,69.10014581871056,75.0
7,89,4,17.76814979636166,19.742388662624066,25.0
7,90,1,1.3824983974684186,1.5361093305204652,25.0
7,91,1,3.1378615815251862,3.486512868361318,25.0
8,1,2,12.852314911246136,14.280349901384595,25.0
8,2,6,24.571948440033736,27.30216493337082,50.0
8,3,3,21.31047160193488,23.678301779927644,25.0
8,4,1,12.795434556626097,14.217149507362329,25.0
8,5,5,23.75209041248634,26.391211569429267,50.0
8,6,1,1.2683624267422042,1.4092915852691157,25.0
8,7,1,7.080394362585116,7.867104847316795,25.0
8,8,1,13.076494431197087,14.529438256885651,25.0
8,9,4,14.978119266823409,16.6423547409149,25.0
8,10,6,24.99571726944326,27.77301918827029,50.0
8,11,2,17.756750526186416,19.729722806873795,25.0
8,12,2,8.859273540858526,9.843637267620585,25.0
8,13,6,35.3218848417432,39.246538713048,50.0
8,14,4,21.501252378210282,23.890280420233648,25.0
8,15,3,19.40435699278037,21.56039665864486,25.0
8,16,3,22.452737209081914,24.947485787868793,25.0
8,17,4,28.12868649849793,31.254096109442145,50.0
8,18,6,29.80246034853016,33.11384483170018,50.0
8,19,3,18.619818702123634,20.68868744680404,25.0
8,20,3,19.333668653450612,21.48185405938957,25.0
8,21,6,20.20948992163236,22.454988801813734,25.0
8,22,2,17.226668166183543,19.140742406870604,25.0
8,23,4,34.827385281872296,38.69709475763588,50.0
8,24,1,7.016812633142221,7.796458481269134,25.0
8,25,1,29.908809568926095,33.2320106321401,50.0
8,26,1,2.540901948819141,2.8232243875768233,25.0
8,27,4,24.727556751083995,27.475063056759993,50.0
8,28,4,40.094440647908655,44.54937849767628,50.0
8,29,4,15.424045914229463,17.13782879358829,25.0
8,30,6,50.5400238895858,56.15558209953977,75.0
8,31,4,21.226235864527474,23.584706516141637,25.0
8,32,6,29.32875304967848,32.587503388531644,50.0
8,33,3,12.492841431683068,13.880934924092298,25.0
8,34,4,16.862717341922526,18.73635260213614,25.0
8,35,5,14.199854332820742,15.777615925356379,25.0
8,36,6,23.30179945886049,25.890888287622765,50.0
8,37,1,4.923117237671773,5.4701302640797485,25.0
8,38,3,12.926993799162494,14.363326443513882,25.0
8,39,3,26.056548575132418,28.95172063903602,50.0
8,40,5,31.546523224478943,35.05169247164327,50.0
8,41,5,33.76780579322424,37.5197842146936,50.0
8,42,6,30.86540975188047,34.294899724311634,50.0
8,43,5,31.282469582531558,34.758299536146176,50.0
8,44,6,29.063222015231418,32.29246890581268,50.0
8,45,1,4.674472896465673,5.193858773850748,25.0
8,46,4,24.142507830921012,26.825008701023346,50.0
8,47,4,19.805747111627348,22.006385679585943,25.0
8,48,1,7.833748416399372,8.704164907110412,25.0
8,49,2,7.542665542456546,8.380739491618383,25.0
8,50,4,36.96293426072205,41.06992695635783,50.0
8,51,5,20.045738672171748,22.273042969079718,25.0
8,52,6,18.458170597007552,20.509078441119502,25.0
8,53,2,19.904304919745172,22.115894355272413,25.0
8,54,1,13.346033579677655,14.828926199641838,25.0
8,55,6,25.846552736650068,28.718391929611187,50.0
8,56,2,13.903094264491006,15.447882516101117,25.0
8,57,5,17.667367443988915,19.630408271098794,25.0
8,58,1,11.118698139512324,12.354109043902582,25.0
8,59,2,12.719423226428399,14.132692473809332,25.0
8,60,2,13.849915912984699,15.388795458871886,25.0
8,61,4,25.740893670217005,28.600992966907782,50.0
8,62,2,29.143233135700587,32.38137015077843,50.0
8,63,2,13.455670364944934,14.950744849938815,25.0
8,64,6,20.654727649398065,22.949697388220073,25.0
8,65,3,11.730210846534796,13.033567607260883,25.0
8,66,3,34.88954784929899,38.76616427699888,50.0
8,67,3,19.672576256230315,21.858418062478126,25.0
8,68,2,19.069409083364626,21.188232314849582,25.0
8,69,4,25.64926211980398,28.49918013311553,50.0
8,70,4,16.232215794168507,18.035795326853897,25.0
8,71,5,26.400515106928303,29.33390567436478,50.0
8,72,6,20.974047030129668,23.304496700144075,25.0
8,73,2,10.38480654196221,11.538673935513566,25.0
8,74,6,26.943889765319902,29.93765529479989,50.0
8,75,3,22.690530149388117,25.211700165986795,50.0
8,76,6,36.60660959964785,40.674010666275386,50.0
8,77,3,22.744849751831065,25.272055279812292,50.0
8,78,5,20.041980455817352,22.268867173130392,25.0
8,79,6,31.382707401516726,34.86967489057414,50.0
8,80,4,16.07892088097682,17.8654676455298,25.0
8,81,4,50.21661682064894,55.79624091183215,75.0
8,82,5,15.098132939318148,16.775703265909055,25.0
8,83,2,38.961371327638695,43.29041258626521,50.0
8,84,4,20.720835160149957,23.023150177944395,25.0
9,1,4,15.350109180091,17.055676866767776,25.0
9,2,1,3.546072035946853,3.940080039940948,25.0
9,3,1,2.795207138541669,3.105785709490743,25.0
9,4,5,32.34306386610794,35.936737629008825,50.0
9,5,3,11.236558109397203,12.485064565996892,25.0
9,6,1,6.560948957271977,7.289943285857752,25.0
9,7,1,14.647903042355404,16.275447824839336,25.0
9,8,3,26.614153059632663,29.571281177369624,50.0
9,9,5,21.48015853660125,23.866842818445836,25.0
9,10,3,13.104768917389444,14.560854352654937,25.0
9,11,4,22.368151617985696,24.853501797761883,25.0
9,12,2,5.074344185496368,5.638160206107075,25.0
9,13,6,20.678211981784177,22.975791090871308,25.0
9,14,4,14.684950368269195,16.316611520299105,25.0
9,15,2,12.750537605961416,14.167264006623794,25.0
9,16,2,7.618144573944691,8.464605082160768,25.0
9,17,3,17.926595315400125,19.91843923933347,25.0
9,18,4,20.432689318272892,22.702988131414326,25.0
9,19,6,60.80961557616856,67.56623952907617,75.0
9,20,3,28.178479733669242,31.30942192629916,50.0
9,21,1,2.570521641948251,2.8561351577202787,25.0
9,22,4,19.186528249469596,21.318364721632886,25.0
9,23,5,14.170675831767136,15.745195368630151,25.0
9,24,4,26.09742671870547,28.997140798561635,50.0
9,25,6,54.95075103287034,61.0563900365226,75.0
9,26,1,7.34470612163679,8.160784579596433,25.0
9,27,5,21.399841708098897,23.777601897887664,25.0
9,28,4,22.329901488145108,24.811001653494564,25.0
9,29,5,17.522235919807816,19.469151022008685,25.0
9,30,1,1.8320496893392346,2.035610765932483,25.0
9,31,3,21.14069920054009,23.48966577837788,25.0
9,32,3,24.509511052376517,27.23279005819613,50.0
9,33,3,16.699783767719452,18.55531529746606,25.0
9,34,4,19.50523017492978,21.672477972144197,25.0
9,35,2,21.204609737751145,23.560677486390162,25.0
9,36,5,24.24744975684329,26.94161084093699,50.0
9,37,4,17.96408883199819,19.96009870222021,25.0
9,38,5,22.304560741395022,24.78284526821669,25.0
9,39,2,8.759396343733458,9.732662604148286,25.0
9,40,6,27.37718916465765,30.419099071841835,50.0
9,41,2,15.942965187841935,17.714405764268815,25.0
9,42,5,33.19778050649165,36.88642278499072,50.0
9,43,2,7.48078476599389,8.311983073326545,25.0
9,44,2,14.06511384615236,15.627904273502622,25.0
9,45,3,10.530827307074816,11.700919230083128,25.0
9,46,3,13.063862204124225,14.515402449026917,25.0
9,47,3,18.7282461091607,20.80916234351189,25.0
9,48,3,32.51817897643003,36.13130997381114,50.0
9,49,1,3.5965214708203006,3.9961349675781115,25.0
9,50,3,16.08037418969031,17.867082432989232,25.0
9,51,1,9.30353577795444,10.337261975504934,25.0
9,52,3,13.870509371727042,15.411677079696712,25.0
9,53,4,23.78047600590439,26.422751117671545,50.0
9,54,5,17.128840215811238,19.03204468423471,25.0
9,55,3,16.305207887815705,18.11689765312856,25.0
9,56,4,42.082182721653915,46.75798080183768,50.0
9,57,3,35.11997807475796,39.02219786084218,50.0
9,58,6,43.79480713170416,48.66089681300462,50.0
9,59,3,14.715750541914064,16.35083393546007,25.0
9,60,6,48.17864322632569,53.53182580702854,75.0
9,61,1,9.353685132719061,10.392983480798957,25.0
9,62,4,13.302995677523876,14.781106308359862,25.0
9,63,1,12.394033490466416,13.771148322740462,25.0
9,64,2,11.328594560279555,12.587327289199505,25.0
9,65,5,39.59421005944882,43.99356673272091,50.0
9,66,3,26.592953241584027,29.54772582398225,50.0
9,67,6,27.88179097777528,30.979767753083646,50.0
9,68,1,5.112767114838249,5.6808523498202765,25.0
9,69,6,31.76824294617511,35.298047717972345,50.0
9,70,2,34.28760028567721,38.097333650752454,50.0
9,71,3,14.78915552468147,16.432395027423855,25.0
9,72,5,44.359200306826445,49.28800034091827,50.0
9,73,6,24.95388018422767,27.726533538030743,50.0
9,74,6,33.88447582281765,37.6494175809085,50.0
9,75,3,8.567612963860382,9.519569959844869,25.0
9,76,5,13.665890144966,15.184322383295555,25.0
9,77,2,32.76230765516408,36.40256406129342,50.0
9,78,1,6.636378121794339,7.373753468660376,25.0
9,79,3,35.362414411514145,39.29157156834905,50.0
9,80,4,37.53678750171127,41.707541668568076,50.0
9,81,5,32.805841028278905,36.45093447586545,50.0
9,82,6,27.515804722093225,30.57311635788136,50.0
9,83,4,55.977812731127536,62.19756970125282,75.0
9,84,2,10.023604315473502,11.137338128303892,25.0
9,85,1,10.487205262870493,11.652450292078326,25.0
9,86,2,12.665399446975783,14.072666052195315,25.0
9,87,6,20.885735350775118,23.206372611972352,25.0
9,88,6,21.089637836906377,23.432930929895974,25.0
9,89,1,3.73859851470027,4.153998349666967,25.0
10,1,2,13.756168236071504,15.284631373412783,25.0
10,2,5,25.994246465645325,28.88249607293925,50.0
10,3,1,17.32556966311699,19.250632959018876,25.0
10,4,4,17.039027702363825,18.93225300262647,25.0
10,5,4,19.853660942603533,22.05962326955948,25.0
10,6,6,23.140579214986133,25.711754683317924,50.0
10,7,2,29.224660136073634,32.47184459563737,50.0
10,8,6,33.18599258622182,36.873325095802024,50.0
10,9,2,10.841549346763927,12.046165940848807,25.0
10,10,4,12.75578886643011,14.1730987404779,25.0
10,11,5,32.68814733883898,36.32016370982109,50.0
10,12,1,5.361164275962708,5.9568491955141205,25.0
10,13,2,4.596932503456659,5.10770278161851,25.0
10,14,3,12.53194018373542,13.924377981928245,25.0
10,15,1,9.55828624305278,10.620318047836422,25.0
10,16,5,17.527672701303345,19.47519189033705,25.0
10,17,3,29.851328026537814,33.16814225170868,50.0
10,18,3,46.58345365928726,51.75939295476362,75.0
10,19,6,30.494685208780023,33.882983565311136,50.0
10,20,6,18.144044216664774,20.160049129627527,25.0
10,21,1,38.88978275709061,43.210869730100676,50.0
10,22,4,34.224272516817315,38.02696946313035,50.0
10,23,1,8.579319092707957,9.532576769675508,25.0
10,24,2,5.13644479538317,5.7071608837590775,25.0
10,25,6,30.18080846018639,33.534231622429324,50.0
10,26,1,11.439885949740129,12.710984388600142,25.0
10,27,6,37.68470644737824,41.87189605264249,50.0
10,28,6,24.105505597206495,26.783895108007215,50.0
10,29,2,21.342646350704968,23.714051500783295,25.0
10,30,5,32.5889139803483,36.20990442260922,50.0
10,31,1,11.910412078767155,13.233791198630172,25.0
10,32,2,24.82928301361363,27.588092237348476,50.0
10,33,3,39.12956794667342,43.47729771852602,50.0
10,34,6,47.23908123386609,52.487868037628985,75.0
10,35,5,35.32675749187136,39.25195276874596,50.0
10,36,6,35.55995086483021,39.511056516478014,50.0
10,37,4,22.35021288213937,24.833569869043743,25.0
10,38,4,10.94046004129158,12.156066712546199,25.0
10,39,3,12.215255124946744,13.57250569438527,25.0
10,40,3,15.996873697064334,17.77430410784926,25.0
10,41,6,27.11149509629427,30.123883440326967,50.0
10,42,2,25.154699894659707,27.949666549621895,50.0
10,43,4,22.74736453164636,25.274849479607067,50.0
10,44,5,22.11997710902593,24.577752343362143,25.0
10,45,3,29.755453490151496,33.06161498905722,50.0
10,46,1,13.365264874039804,14.85029430448867,25.0
10,47,5,20.973969536758595,23.304410596398437,25.0
10,48,4,11.996655317231282,13.329617019145868,25.0
10,49,1,3.108713351219794,3.454125945799771,25.0
10,50,3,18.345515469662466,20.383906077402738,25.0
10,51,2,30.074250865525997,33.41583429502889,50.0
10,52,5,16.990988604132152,18.878876226813503,25.0
10,53,3,12.222721236006754,13.580801373340837,25.0
10,54,3,15.962414172836954,17.736015747596614,25.0
10,55,3,51.36862419876155,57.07624910973506,75.0
10,56,3,13.877989089584219,15.419987877315798,25.0
10,57,4,20.762661281589605,23.069623646210673,25.0
10,58,2,24.229551233165772,26.921723592406412,50.0
10,59,6,44.547379073615105,49.49708785957234,50.0
10,60,3,20.07249993553847,22.302777706153854,25.0
10,61,3,20.416985217496922,22.685539130552137,25.0
10,62,5,19.85011137759131,22.05567930843479,25.0
10,63,1,21.82323162253551,24.248035136150566,25.0
10,64,3,13.581066911107122,15.09007434567458,25.0
10,65,4,24.672823510795574,27.414248345328414,50.0
10,66,3,11.644309057800383,12.938121175333759,25.0
10,67,1,6.884144082182675,7.649048980202972,25.0
10,68,4,17.514707262757135,19.46078584750793,25.0
10,69,6,48.90565113690079,54.33961237433421,75.0
10,70,1,2.4325476808026267,2.702830756447363,25.0
10,71,4,21.183953188110753,23.5377257645675,25.0
10,72,3,12.97540319837432,14.417114664860355,25.0
10,73,4,20.335928354039762,22.595475948933068,25.0
10,74,5,27.74374819534748,30.82638688371942,50.0
10,75,4,22.79284310835194,25.325381231502153,50.0
10,76,1,14.149059967390636,15.721177741545151,25.0
10,77,6,18.64263881457961,20.714043127310678,25.0
10,78,5,49.77651810143843,55.30724233493159,75.0
10,79,1,2.7076842829550456,3.0085380921722726,25.0
10,80,5,27.847171452255047,30.94130161361672,50.0
10,81,3,26.700810559284253,29.667567288093615,50.0
10,82,2,48.84721964287176,54.274688492079726,75.0
10,83,3,9.654161120926048,10.72684568991783,25.0
10,84,6,27.852949743826642,30.947721937585158,50.0
10,85,2,51.54162129299405,57.268468103326725,75.0
10,86,3,43.87075201440328,48.74528001600364,50.0
10,87,1,17.559091836232152,19.510102040257948,25.0
10,88,4,26.705403979128484,29.672671087920538,50.0
11,1,4,31.31263005381404,34.79181117090449,50.0
11,2,3,7.9872760347281755,8.874751149697973,25.0
11,3,3,23.4701481110768,26.07794234564089,50.0
11,4,2,11.679018815135947,12.976687572373274,25.0
11,5,3,20.4934624849187,22.77051387213189,25.0
11,6,1,9.662431842670678,10.736035380745198,25.0
11,7,2,20.1880339243072,22.431148804785774,25.0
11,8,3,10.942634675434217,12.158482972704686,25.0
11,9,3,8.102004117321668,9.002226797024075,25.0
11,10,3,13.074353233683714,14.527059148537461,25.0
11,11,4,22.300555980928447,24.77839553436494,25.0
11,12,5,21.599914288432412,23.999904764924903,25.0
11,13,2,7.269612905556483,8.077347672840537,25.0
11,14,1,12.394033490466416,13.771148322740462,25.0
11,15,2,67.44344708953531,74.93716343281702,75.0
11,16,2,18.669060625365123,20.743400694850138,25.0
11,17,5,22.174486698068012,24.6383185534089,25.0
11,18,6,50.69420439972243,56.326893777469365,75.0
11,19,4,21.79622742071159,24.218030467457318,25.0
11,20,2,12.526044394172704,13.917827104636338,25.0
11,21,4,19.827778278008697,22.030864753342996,25.0
11,22,6,41.73037170204953,46.36707966894392,50.0
11,23,5,28.732149026214827,31.924610029127585,50.0
11,24,3,43.442236366734505,48.269151518593894,50.0
11,25,3,12.502618527145533,13.891798363495036,25.0
11,26,4,19.271813566442965,21.413126184936626,25.0
11,27,1,20.975447596319427,23.306052884799364,25.0
11,28,3,13.734658688365263,15.260731875961403,25.0
11,29,3,21.606264748295096,24.006960831438995,25.0
11,30,5,61.754846145626466,68.61649571736274,75.0
11,31,3,35.32541502968167,39.25046114409074,50.0
11,32,5,23.45292462333343,26.058805137037144,50.0
11,33,4,12.448778693254674,13.831976325838527,25.0
11,34,6,49.276066696178276,54.75118521797586,75.0
11,35,2,11.771314455708048,13.079238284120052,25.0
11,36,1,13.540814801468736,15.045349779409706,25.0
11,37,2,13.595219686613424,15.105799651792694,25.0
11,38,2,10.480291829831076,11.644768699812307,25.0
11,39,4,20.730470805423934,23.03385645047104,25.0
11,40,3,7.787758908758823,8.65306545417647,25.0
11,41,6,37.30275613642382,41.447506818248684,50.0
11,42,4,13.794835453912409,15.327594948791566,25.0
11,43,5,40.378737555433844,44.865263950482046,50.0
11,44,4,30.55926878448945,33.95474309387717,50.0
11,45,2,14.554544390652243,16.171715989613602,25.0
11,46,6,32.43988048061161,36.04431164512401,50.0
11,47,4,58.83185550123139,65.36872833470154,75.0
11,48,5,18.803902002359592,20.893224447066213,25.0
11,49,2,12.307521070638561,13.675023411820623,25.0
11,50,2,8.340334727662201,9.267038586291335,25.0
11,51,5,45.300455842580305,50.33383982508923,75.0
11,52,4,19.33789281881944,21.486547576466045,25.0
11,53,3,14.450775684714623,16.05641742746069,25.0
11,54,5,28.94524738270476,32.161385980783066,50.0
11,55,2,9.242738111132397,10.26970901236933,25.0
11,56,6,19.40631088364227,21.56256764849141,25.0
11,57,5,32.47226552044152,36.0802950227128,50.0
11,58,6,27.32954364108822,30.366159601209134,50.0
11,59,1,5.040694255401391,5.600771394890434,25.0
11,60,1,9.961985493088129,11.06887277009792,25.0
11,61,1,10.475656209611142,11.639618010679046,25.0
11,62,4,13.982287168157768,15.535874631286408,25.0
11,63,6,30.47216610849729,33.85796234277477,50.0
11,64,5,22.964348465819054,25.51594273979895,50.0
11,65,3,21.429242868156344,23.810269853507048,25.0
11,66,3,17.58929313535805,19.543659039286723,25.0
11,67,1,5.391066618416451,5.990074020462723,25.0
11,68,5,20.332868392232427,22.592075991369363,25.0
11,69,1,8.1458092464343,9.050899162704779,25.0
11,70,6,55.95338976908807,62.17043307676452,75.0
11,71,6,40.74508562112569,45.27231735680632,50.0
11,72,5,21.527507162153476,23.91945240239275,25.0
11,73,2,7.951794944287381,8.835327715874868,25.0
11,74,6,29.686107745704433,32.984564161893815,50.0
11,75,2,9.118556396356158,10.131729329284621,25.0
11,76,5,28.00365084798013,31.11516760886681,50.0
11,77,5,24.41910317324979,27.132336859166433,50.0
11,78,1,2.457621312546335,2.7306903472737054,25.0
11,79,5,14.71096207214039,16.34551341348932,25.0
11,80,3,13.361693970831253,14.846326634256947,25.0
11,81,6,27.477922078449414,30.53102453161046,50.0
11,82,3,16.501927825094032,18.33547536121559,25.0
11,83,5,25.064950163317825,27.849944625908694,50.0
11,84,2,16.867022604629675,18.741136227366304,25.0
11,85,1,7.274610915509813,8.082901017233125,25.0
11,86,4,21.985725223862676,24.42858358206964,25.0
12,1,4,28.31763833274503,31.46404259193892,50.0
12,2,2,13.793837726530954,15.32648636281217,25.0
12,3,3,17.984011508953895,19.98223500994877,25.0
12,4,3,15.189915249549257,16.877683610610283,25.0
12,5,4,8.508666782793037,9.454074203103374,25.0
12,6,3,23.552755744326518,26.16972860480724,50.0
12,7,6,24.426110904469667,27.140123227188518,50.0
12,8,3,16.41771567998011,18.24190631108901,25.0
12,9,5,41.94595516374169,46.606616848601874,50.0
12,10,3,9.846713723457654,10.94079302606406,25.0
12,11,4,36.49142350716397,40.54602611907108,50.0
12,12,4,15.93806758197811,17.708963979975678,25.0
12,13,3,19.271461702026237,21.412735224473597,25.0
12,14,2,16.469634342166522,18.29959371351836,25.0
12,15,2,15.77951042024522,17.532789355828022,25.0
12,16,2,18.383144918135713,20.425716575706346,25.0
12,17,5,18.294315134036474,20.32701681559608,25.0
12,18,3,12.485522985755148,13.87280331750572,25.0
12,19,4,28.27976890307839,31.421965447864878,50.0
12,20,3,17.05513512485367,18.9501501387263,25.0
12,21,4,17.22380495447274,19.137561060525268,25.0
12,22,3,12.001987245864607,13.335541384294007,25.0
12,23,5,24.51963943648952,27.24404381832169,50.0
12,24,1,27.012229669043315,30.01358852115924,50.0
12,25,6,26.764881968700138,29.738757743000154,50.0
12,26,2,10.37225033654086,11.524722596156511,25.0
12,27,6,32.869962645612034,36.52218071734671,50.0
12,28,6,30.87612240458452,34.30680267176058,50.0
12,29,4,23.478922081676366,26.08769120186263,50.0
12,30,6,35.08783136282522,38.98647929202802,50.0
12,31,5,15.821730320080185,17.57970035564465,25.0
12,32,2,15.011485591246183,16.67942843471798,25.0
12,33,1,4.929059401333434,5.4767326681482595,25.0
12,34,3,36.94192953043074,41.04658836714527,50.0
12,35,5,25.762682102510492,28.62520233612277,50.0
12,36,4,20.276265518382232,22.52918390931359,25.0
12,37,3,14.878586187339263,16.531762430376958,25.0
12,38,4,31.4703897060826,34.96709967342511,50.0
12,39,1,8.986323730336563,9.984804144818403,25.0
12,40,1,5.779464091042156,6.421626767824618,25.0
12,41,3,26.185364670980967,29.094849634423294,50.0
12,42,6,21.47565778562232,23.8618419840248,25.0
12,43,5,18.419659660364935,20.466288511516595,25.0
12,44,6,56.75000740782575,63.05556378647305,75.0
12,45,5,30.281301073113063,33.645890081236736,50.0
12,46,1,8.634111945785907,9.593457717539897,25.0
12,47,2,37.24268839900756,41.38076488778618,50.0
12,48,2,11.078675107093291,12.309639007881435,25.0
12,49,2,9.013660873311906,10.01517874812434,25.0
12,50,6,51.41242508859996,57.12491676511107,75.0
12,51,3,23.145031086118003,25.71670120679778,50.0
12,52,5,22.132133259022133,24.59125917669126,25.0
12,53,5,24.322123043274146,27.024581159193495,50.0
12,54,2,8.966883384152922,9.963203760169913,25.0
12,55,2,8.651264361467593,9.612515957186215,25.0
12,56,5,28.450695991885567,31.611884435428408,50.0
12,57,2,44.38152069293807,49.31280076993119,50.0
12,58,1,6.889054177052968,7.6545046411699635,25.0
12,59,2,6.389955649943629,7.099950722159588,25.0
12,60,3,34.31725054582691,38.13027838425212,50.0
12,61,1,5.285005530584004,5.87222836731556,25.0
12,62,3,15.721537809798956,17.468375344221062,25.0
12,63,6,45.06266172855536,50.06962414283929,75.0
12,64,6,56.71746604054951,63.01940671172168,75.0
12,65,2,16.884106772249698,18.760118635833,25.0
12,66,1,3.9164573210666105,4.351619245629567,25.0
12,67,1,6.16032852196209,6.844809468846766,25.0
12,68,6,31.433476457545765,34.926084952828624,50.0
12,69,5,33.17483658037288,36.860929533747644,50.0
12,70,4,20.082016863103718,22.31335207011524,25.0
12,71,6,43.25324911641756,48.05916568490839,50.0
12,72,6,46.41292023970511,51.56991137745012,75.0
12,73,3,14.119469021576087,15.688298912862319,25.0
12,74,4,36.17802352910748,40.19780392123053,50.0
12,75,2,7.043641827300405,7.82626869700045,25.0
12,76,6,35.34298058743952,39.26997843048836,50.0
12,77,1,13.346033579677655,14.828926199641838,25.0
12,78,2,11.42121878441895,12.690243093798834,25.0
12,79,5,28.68868096120245,31.87631217911383,50.0
12,80,1,9.961985493088129,11.06887277009792,25.0
12,81,1,9.967826271608416,11.075362524009352,25.0
12,82,5,17.980037486934663,19.977819429927404,25.0
12,83,2,7.970943948598383,8.856604387331537,25.0
12,84,3,22.94700570652126,25.496673007245843,50.0
12,85,2,8.631937244900614,9.591041383222905,25.0
12,86,6,23.811315867796104,26.457017630884557,50.0
12,87,3,22.37162724369326,24.85736360410362,25.0
12,88,2,11.143868214842001,12.38207579426889,25.0
13,1,5,27.08198646428773,30.09109607143081,50.0
13,2,3,16.85273282053493,18.725258689483255,25.0
13,3,2,21.27143574280126,23.63492860311251,25.0
13,4,6,20.97384385279665,23.304270947551835,25.0
13,5,1,13.164132117529956,14.626813463922172,25.0
13,6,3,29.35098636558319,32.61220707287021,50.0
13,7,3,48.05123019179816,53.39025576866462,75.0
13,8,4,37.38279810143066,41.53644233492295,50.0
13,9,5,16.260247964636648,18.06694218292961,25.0
13,10,5,24.41289276416266,27.125436404625177,50.0
13,11,3,10.350043695384386,11.500048550427096,25.0
13,12,4,16.62712381572515,18.474582017472386,25.0
13,13,4,23.326441334799544,25.91826814977727,50.0
13,14,4,18.731586185790864,20.812873539767626,25.0
13,15,6,22.08331131200599,24.53701256889554,25.0
13,16,2,6.259316663254377,6.954796292504863,25.0
13,17,5,30.716364581316164,34.12929397924018,50.0
13,18,3,26.537364554249503,29.48596061583278,50.0
13,19,1,5.361164275962708,5.9568491955141205,25.0
13,20,4,23.101958509577088,25.668842788418985,50.0
13,21,5,23.322656379794186,25.91406264421576,50.0
13,22,3,28.67646574615263,31.862739717947367,50.0
13,23,2,7.555912514429915,8.395458349366573,25.0
13,24,5,27.517866394274566,30.575407104749516,50.0
13,25,1,11.39341420261097,12.659349114012189,25.0
13,26,1,11.5692433208514,12.854714800946,25.0
13,27,4,20.626915291639392,22.918794768488212,25.0
13,28,6,51.80576562955353,57.56196181061503,75.0
13,29,6,68.77617853611758,76.41797615124176,
13,30,5,14.818784308786983,16.465315898652204,25.0
13,31,1,7.100945851290251,7.889939834766945,25.0
13,32,2,10.818450264056601,12.020500293396223,25.0
13,33,3,20.179093123528464,22.421214581698294,25.0
13,34,5,22.41407176689093,24.90452418543437,25.0
13,35,3,23.152470788505497,25.724967542783883,50.0
13,36,5,39.27514046078944,43.639044956432706,50.0
13,37,3,27.72514847869091,30.80572053187879,50.0
13,38,2,14.24608982521069,15.828988694678545,25.0
13,39,5,34.3000160706366,38.111128967374,50.0
13,40,4,11.936709017307422,13.263010019230467,25.0
13,41,2,10.959170766134875,12.176856406816528,25.0
13,42,3,18.5196765849246,20.577418427694,25.0
13,43,4,30.333434660710274,33.70381628967808,50.0
13,44,5,45.23443307016164,50.26048118906849,75.0
13,45,3,17.318098225391875,19.242331361546526,25.0
13,46,6,25.072739493293888,27.85859943699321,50.0
13,47,3,25.896065489321593,28.773406099246213,50.0
13,48,2,33.017538291708235,36.686153657453595,50.0
13,49,5,17.70922008703111,19.676911207812342,25.0
13,50,1,5.462561360000704,6.069512622223004,25.0
13,51,4,16.19044124525771,17.989379161397455,25.0
13,52,3,16.054266686083203,17.838074095648004,25.0
13,53,6,29.258716448743115,32.50968494304791,50.0
13,54,2,13.20425459283045,14.671393992033833,25.0
13,55,6,22.691941834007554,25.213268704452837,50.0
13,56,3,22.972766368269788,25.52529596474421,50.0
13,57,4,36.60355819066624,40.67062021185138,50.0
13,58,6,35.84325000384883,39.82583333760981,50.0
13,59,4,27.511708609125034,30.568565121250035,50.0
13,60,3,12.369746267630774,13.744162519589748,25.0
13,61,2,7.268989501951687,8.076655002168541,25.0
13,62,4,45.59958559693906,50.66620621882117,75.0
13,63,5,21.055894411914174,23.395438235460194,25.0
13,64,6,27.62928966357943,30.69921073731048,50.0
13,65,5,31.049040714932296,34.49893412770255,50.0
13,66,2,17.366283434448068,19.295870482720076,25.0
13,67,2,14.266103626370057,15.851226251522286,25.0
13,68,1,9.486185070685147,10.540205634094608,25.0
13,69,1,11.118698139512324,12.354109043902582,25.0
13,70,2,32.69782331744327,36.33091479715919,50.0
13,71,3,28.83846702544359,32.04274113938177,50.0
13,72,2,30.84698237279828,34.27442485866475,50.0
13,73,2,10.53478630502954,11.70531811669949,25.0
13,74,2,18.48987757766658,20.544308419629534,25.0
13,75,6,49.762778157789995,55.29197573087777,75.0
13,76,6,25.193728490971097,27.99303165663455,50.0
13,77,5,24.143469918917773,26.826077687686414,50.0
13,78,1,6.851745777588694,7.6130508639874375,25.0
13,79,3,20.610923210318028,22.90102578924225,25.0
13,80,4,7.996923966272746,8.885471073636385,25.0
13,81,1,10.61911050464813,11.799011671831256,25.0
13,82,3,11.017856690332128,12.242062989257919,25.0
13,83,1,8.460520694767162,9.40057854974129,25.0
13,84,5,16.982663288845362,18.869625876494847,25.0
13,85,5,18.5043514378665,20.560390486518333,25.0
13,86,3,14.986801456686125,16.65200161854014,25.0
13,87,2,14.652641020432277,16.280712244924754,25.0
14,1,3,18.132447145798423,20.14716349533158,25.0
14,2,4,22.585025494752685,25.094472771947427,50.0
14,3,2,10.59599129531522,11.773323661461356,25.0
14,4,2,14.768029823407538,16.408922026008376,25.0
14,5,4,33.34675852947669,37.05195392164077,50.0
14,6,5,24.629011686255243,27.365568540283604,50.0
14,7,1,5.471115051795647,6.079016724217386,25.0
14,8,5,18.52622228785652,20.58469143095169,25.0
14,9,3,9.94382718798619,11.048696875540212,25.0
14,10,5,34.02248775546727,37.802764172741405,50.0
14,11,2,28.657766476989316,31.84196275221035,50.0
14,12,5,26.558338270304656,29.50926474478295,50.0
14,13,2,8.13537337571812,9.03930375079791,25.0
14,14,4,14.46543338858648,16.072703765096087,25.0
14,15,3,8.858702095559174,9.843002328399082,25.0
14,16,6,30.11791789189529,33.46435321321699,50.0
14,17,3,18.36186773646526,20.402075262739178,25.0
14,18,4,24.140257181963968,26.822507979959962,50.0
14,19,4,28.376763393347865,31.52973710371985,50.0
14,20,2,24.546199922562753,27.273555469514168,50.0
14,21,2,18.589845247622655,20.655383608469617,25.0
14,22,2,7.7235744786568965,8.581749420729885,25.0
14,23,6,32.98452727859255,36.649474753991726,50.0
14,24,1,4.871049478591422,5.412277198434913,25.0
14,25,3,12.848552175226587,14.276169083585096,25.0
14,26,3,11.061327996838916,12.290364440932128,25.0
14,27,6,42.520515968018174,47.24501774224242,50.0
14,28,1,5.0602502589259615,5.622500287695512,25.0
14,29,2,7.673342100563479,8.525935667292755,25.0
14,30,4,30.24670914232211,33.60745460258012,50.0
14,31,3,13.891045910588781,15.434495456209756,25.0
14,32,6,28.401609806955438,31.557344229950488,50.0
14,33,6,25.177748621405843,27.97527624600649,50.0
14,34,6,26.213787681588887,29.126430757320986,50.0
14,35,6,42.40237765635028,47.11375295150031,50.0
14,36,3,56.65133610873809,62.94592900970899,75.0
14,37,4,19.532785208579956,21.70309467619995,25.0
14,38,1,12.394033490466416,13.771148322740462,25.0
14,39,1,6.555226501472715,7.28358500163635,25.0
14,40,4,23.88539601241291,26.539328902681014,50.0
14,41,4,20.56230134874926,22.847001498610286,25.0
14,42,4,27.279509439492486,30.310566043880538,50.0
14,43,4,35.54298725358767,39.49220805954185,50.0
14,44,4,24.229463188544194,26.921625765049104,50.0
14,45,4,38.735547768737106,43.039497520819005,50.0
14,46,6,22.68278721326053,25.203096903622807,50.0
14,47,3,42.33535565366025,47.0392840596225,50.0
14,48,2,11.40320949276092,12.670232769734355,25.0
14,49,5,40.910421822672554,45.45602424741395,50.0
14,50,6,30.676082428048886,34.08453603116543,50.0
14,51,4,14.796813742736903,16.44090415859656,25.0
14,52,4,33.22866183855118,36.92073537616798,50.0
14,53,1,6.279103565929555,6.976781739921727,25.0
14,54,6,35.71146253839032,39.67940282043369,50.0
14,55,6,51.606217278502655,57.340241420558506,75.0
14,56,4,16.994697365853,18.88299707317,25.0
14,57,6,22.007348838407637,24.452609820452928,25.0
14,58,4,32.920406927736856,36.57822991970762,50.0
14,59,1,9.950304318070431,11.055893686744923,25.0
14,60,2,9.978449333375227,11.087165925972474,25.0
14,61,2,9.156014071567103,10.173348968407891,25.0
14,62,5,21.187415152590603,23.541572391767335,25.0
14,63,5,31.213519187122188,34.68168798569132,50.0
14,64,3,24.594908267590984,27.32767585287887,50.0
14,65,1,11.082996559140966,12.314440621267739,25.0
14,66,1,8.613735292678891,9.570816991865435,25.0
14,67,2,15.331514705180233,17.035016339089147,25.0
14,68,2,7.686535304001331,8.540594782223701,25.0
14,69,4,20.43092229783234,22.701024775369266,25.0
14,70,4,29.011087940332654,32.23454215592517,50.0
14,71,3,31.244043528879125,34.715603920976804,50.0
14,72,6,40.70425740988793,45.22695267765325,50.0
14,73,6,38.92940402851101,43.25489336501223,50.0
14,74,3,20.312129198395468,22.56903244266163,25.0
14,75,4,18.23041422723665,20.256015808040722,25.0
14,76,2,18.429543387013045,20.477270430014492,25.0
14,77,6,29.38151357918628,32.64612619909587,50.0
14,78,5,52.87353893076107,58.74837658973452,75.0
14,79,4,12.69930018340305,14.1103335371145,25.0
14,80,2,7.012206330086121,7.791340366762356,25.0
14,81,5,18.584970626201105,20.649967362445672,25.0
14,82,5,31.555161268261866,35.06129029806874,50.0
14,83,3,14.896395466219273,16.551550518021415,25.0
14,84,1,6.956197079737949,7.729107866375498,25.0
