Time,Total Electric Power (kW),Total Reactive Power (kVAR),Total Gas Power (therms/hour),HVAC Cooling Electric Power (kW),Lighting Electric Power (kW),Other Electric Power (kW),HVAC Heating Electric Power (kW),Water Heating Gas Power (therms/hour),HVAC Heating Gas Power (therms/hour),Hot Water Unmet Demand (kW),Hot Water Outlet Temperature (C),Temperature - Indoor (C),Unmet HVAC Load (C)
2018-01-01 00:00:00,0.6198687335174825,0.1875985954010696,0.32489230429066135,0.05,0.016272647133540527,0.23068701609031508,0.32290907029362687,0.00572349349850516,0.3191688107921562,0.0,51.666396904107174,20.670748874447032,0
2018-01-01 00:10:00,0.6243250997873127,0.1875985954010696,0.32930062478277516,0.05,0.016272647133540527,0.23068701609031508,0.32736543656345696,0.005727065862910389,0.3235735589198648,0.0,51.6664053063383,20.6493572498413,0
2018-01-01 00:20:00,0.6244770794934614,0.1875985954010696,0.39810427313747826,0.05,0.016272647133540527,0.23068701609031508,0.3275174162696058,0.07438049489416136,0.3237237782433169,0.0,51.66640514320815,20.6493572498413,0
2018-01-01 00:30:00,0.6249419162470014,0.1875985954010696,0.330048163190251,0.05,0.016272647133540527,0.23068701609031508,0.32798225302314565,0.005864932402894731,0.3241832307873563,0.0,51.663270120383274,20.6493572498413,0
2018-01-01 00:40:00,0.625995641206331,0.1875985954010696,0.3309521003172667,0.05,0.016272647133540527,0.23068701609031508,0.3290359779824754,0.005727349878989866,0.3252247504382768,0.0,51.666398847604924,20.6493572498413,0
2018-01-01 00:50:00,0.6270102829360711,0.1875985954010696,0.33195471316781516,0.05,0.016272647133540527,0.23068701609031508,0.33005061971221544,0.005727073606706555,0.3262276395611086,0.0,51.6664051302387,20.6493572498413,0
2018-01-01 01:00:00,0.6271545685162034,0.18694113132952217,0.3329637918084222,0.05,0.016272647133540527,0.22981039732825184,0.33107152405441104,0.0057270730519387875,0.3272367187564834,0.0,51.666405142854536,20.649357249841298,0
2018-01-01 01:10:00,0.6282281583411667,0.18694113132952217,0.33402497271403864,0.05,0.016272647133540527,0.22981039732825184,0.3321451138793743,0.005727099535969975,0.3282978731780687,0.0,51.666405142879874,20.649213520074646,0
2018-01-01 01:20:00,0.629305084369558,0.18694113132952217,0.4267207265754469,0.05,0.016272647133540527,0.22981039732825184,0.33322203990776555,0.09735840141564779,0.32936232515979913,0.0,51.666405141670495,20.649213520074646,0
2018-01-01 01:30:00,0.6144269021284825,0.18694113132952217,0.3205675766984264,0.05,0.016272647133540527,0.22981039732825184,0.3183438576666901,0.005911099622470241,0.3146564770759562,0.0,51.66222084633493,20.649213520074646,0
2018-01-01 01:40:00,0.6155173870497872,0.18694113132952217,0.3214617999679045,0.05,0.016272647133540527,0.22981039732825184,0.31943434258799475,0.00572746907011823,0.3157343308977863,0.0,51.666396739403055,20.649213520074646,0
2018-01-01 01:50:00,0.6166689017022472,0.18694113132952217,0.32259960787388237,0.05,0.016272647133540527,0.22981039732825184,0.32058585724045474,0.005727100331193543,0.3168725075426888,0.0,51.666405124795915,20.649213520074646,0
2018-01-01 02:00:00,0.6169742216789399,0.18628366725797474,0.3237678554620913,0.05,0.016272647133540527,0.22893377856618863,0.32176779597921074,0.005727099590747992,0.31804075587134334,0.0,51.666405141634186,20.649213520074646,0
2018-01-01 02:10:00,0.6182093355537818,0.18628366725797474,0.32498868948227283,0.05,0.016272647133540527,0.22893377856618863,0.32300290985405256,0.00572712607440622,0.3192615634078666,0.0,51.666405141667994,20.649069790307987,0
2018-01-01 02:20:00,0.6194290493833794,0.18628366725797474,0.326194275405635,0.05,0.016272647133540527,0.22893377856618863,0.3242226236836502,0.005727126127586973,0.32046714927804804,0.0,51.66640514045863,20.64906979030799,0
2018-01-01 02:30:00,0.6065157349758146,0.18628366725797474,0.3134305360685346,0.05,0.016272647133540527,0.22893377856618863,0.31130930927608536,0.0057271261276935475,0.30770340994084106,0.0,51.666405140456206,20.64906979030799,0
2018-01-01 02:40:00,0.6076747702463595,0.18628366725797474,0.31457614622011615,0.05,0.016272647133540527,0.22893377856618863,0.31246834454663036,0.0057271261276938615,0.30884902009242227,0.0,51.66640514045619,20.64906979030799,0
2018-01-01 02:50:00,0.6088847403339457,0.18628366725797474,0.3157721012101627,0.05,0.016272647133540527,0.22893377856618863,0.3136783146342165,0.0057271261276938615,0.3100449750824688,0.0,51.66640514045619,20.64906979030799,0
2018-01-01 03:00:00,0.6091824730204619,0.18562620318642734,0.31693285013231065,0.05,0.016272647133540527,0.2280571598041254,0.31485266608279594,0.0057271261276938615,0.31120572400461677,0.0,51.66640514045619,20.64906979030799,0
2018-01-01 03:10:00,0.6103767299960625,0.18562620318642734,0.31811330050067516,0.05,0.016272647133540527,0.2280571598041254,0.31604692305839654,0.005727152612839224,0.3123861478878359,0.0,51.66640514045619,20.648926060541335,0
2018-01-01 03:20:00,0.6115207928928676,0.18562620318642734,0.31924411175687817,0.05,0.016272647133540527,0.2280571598041254,0.3171909859552016,0.005727152666022593,0.3135169590908556,0.0,51.66640513924677,20.64892606054133,0
2018-01-01 03:30:00,0.6025466634619021,0.18562620318642734,0.3103739297711657,0.05,0.016272647133540527,0.2280571598041254,0.3082168565242361,0.005727152666129271,0.3046467771050364,0.0,51.66640513924434,20.648926060541335,0
2018-01-01 03:40:00,0.6035876150490188,0.18562620318642734,0.31140282400399166,0.05,0.016272647133540527,0.2280571598041254,0.30925780811135284,0.005727152666129376,0.3056756713378623,0.0,51.66640513924433,20.648926060541335,0
2018-01-01 03:50:00,0.6046469154280311,0.18562620318642734,0.3124498544944438,0.05,0.016272647133540527,0.2280571598041254,0.3103171084903651,0.005727152666129271,0.3067227018283145,0.0,51.66640513924434,20.64892606054133,0
2018-01-01 04:00:00,0.6047725516865048,0.1849687391148799,0.31344050038346877,0.05,0.016272647133540527,0.22718054104206215,0.311319363510902,0.005727152666129376,0.3077133477173394,0.0,51.66640513924433,20.648926060541335,0
2018-01-01 04:10:00,0.6057781333363661,0.1849687391148799,0.314434460854577,0.05,0.016272647133540527,0.22718054104206215,0.3123249451607633,0.005727179151274318,0.3087072817033027,0.0,51.66640513924434,20.648782330774676,0
2018-01-01 04:20:00,0.6067089006771132,0.1849687391148799,0.3153544471596196,0.05,0.016272647133540527,0.22718054104206215,0.3132557125015105,0.005727179204458627,0.30962726795516093,0.0,51.666405138034904,20.648782330774676,0
2018-01-01 04:30:00,0.5941829487347063,0.1849687391148799,0.30297358346375663,0.05,0.016272647133540527,0.22718054104206215,0.30072976055910355,0.005727179204565517,0.29724640425919113,0.0,51.666405138032474,20.64878233077468,0
2018-01-01 04:40:00,0.594985939509716,0.1849687391148799,0.3037672731873186,0.05,0.016272647133540527,0.22718054104206215,0.3015327513341133,0.005727179204565724,0.2980400939827529,0.0,51.66640513803247,20.64878233077468,0
2018-01-01 04:50:00,0.5958026861324205,0.1849687391148799,0.3045745594244316,0.05,0.016272647133540527,0.22718054104206215,0.30234949795681776,0.005727179204565517,0.2988473802198661,0.0,51.666405138032474,20.64878233077468,0
2018-01-01 05:00:00,0.5956126818070704,0.1849687391148799,0.3591268971094834,0.05,0.015323375817411847,0.22718054104206215,0.30310876494759637,0.05952904449718744,0.299597852612296,0.0,51.66640513803247,20.64878233077468,0
2018-01-01 05:10:00,0.5963957361134566,0.1849687391148799,0.36000894668570255,0.05,0.015323375817411847,0.22718054104206215,0.30389181925398256,0.05963710989412129,0.30037183679158125,0.0,51.66394830407539,20.648626688948763,0
2018-01-01 05:20:00,0.5970864726111832,0.1849687391148799,0.3068900340824349,0.05,0.015323375817411847,0.22718054104206215,0.3045825557517091,0.0058354616019811595,0.30105457248045375,0.0,51.663943369325736,20.648626688948763,0
2018-01-01 05:30:00,0.5785055160385312,0.1849687391148799,0.2884162646639863,0.05,0.015323375817411847,0.22718054104206215,0.28600159917905715,0.005727425320980028,0.28268883934300626,0.0,51.66640019337359,20.648626688948763,0
2018-01-01 05:40:00,0.5790594187687721,0.1849687391148799,0.2889635345904717,0.05,0.015323375817411847,0.22718054104206215,0.28655550190929807,0.005727208378964843,0.28323632621150685,0.0,51.66640512679369,20.648626688948763,0
2018-01-01 05:50:00,0.6236550317176152,0.20926376242423397,0.2895078643052536,0.05,0.02697491533442026,0.25957390545453424,0.2871062109286606,0.00572720794333428,0.28378065636191935,0.0,51.666405136700234,20.648626688948763,0
2018-01-01 06:00:00,0.6633637354589886,0.22225292254714824,0.288584379556661,0.05,0.05029776874186741,0.27689278561841996,0.2861731810987012,0.0057259457293734085,0.2828584338272876,0.0,51.66640513672013,20.655476475508706,0
2018-01-01 06:10:00,0.6624280835119711,0.22225292254714824,0.2876583677598312,0.05,0.05029776874186741,0.27689278561841996,0.28523752915168366,0.005724748212221251,0.28193361954761,0.0,51.666405194358475,20.6619614150238,0
2018-01-01 06:20:00,0.6628008905067932,0.22225292254714824,0.28802685412224255,0.05,0.05029776874186741,0.27689278561841996,0.28561033614650577,0.00572474580754968,0.2823021083146929,0.0,51.666405249042455,20.661961415023796,0
2018-01-01 06:30:00,0.9841292867587988,0.22225292254714824,0.2754082284052359,0.05,0.05029776874186741,0.6109876821026684,0.272843835914263,0.005724745802721179,0.2696834826025147,0.0,51.66640524915226,20.661961415023796,0
2018-01-01 06:40:00,0.9760265800128471,0.22225292254714824,0.2673921077564991,0.05,0.05029776874186741,0.6109876821026684,0.2647411291683112,0.005717478153844048,0.26167462960265503,0.0,51.66640524915249,20.70140154131954,0
2018-01-01 06:50:00,0.9760363663455348,0.22225292254714824,0.26740176614019573,0.05,0.05029776874186741,0.6109876821026684,0.26475091550099894,0.00571746356005787,0.26168430258013786,0.0,51.666405581025856,20.70140154131954,0
2018-01-01 07:00:00,1.1222354008944655,0.28919596560382294,0.26745949002249575,0.05,0.10718101218487115,0.7002450728449012,0.264809315864693,0.005717463530752919,0.26174202649174283,0.0,51.666405581692274,20.701401541319537,0
2018-01-01 07:10:00,1.117431975056544,0.28919596560382294,0.2627074720600001,0.05,0.10718101218487115,0.7002450728449012,0.2600058900267714,0.005713233269060092,0.25699423879094,0.0,51.666405581693624,20.724358353921097,0
2018-01-01 07:20:00,1.1173444874137726,0.28919596560382294,0.2626209892930405,0.05,0.10718101218487115,0.7002450728449012,0.25991840238399994,0.005713224774492325,0.2569077645185482,0.0,51.6664057748663,20.724358353921097,0
2018-01-01 07:30:00,1.0988610139626975,0.28919596560382294,0.24435161011198608,0.05,0.10718101218487115,0.7002450728449012,0.24143492893292498,0.0057132247574348035,0.23863838535455129,0.0,51.666405775254205,20.7243583539211,0
2018-01-01 07:40:00,1.0985479408100816,0.28919596560382294,0.2440421632892894,0.05,0.10718101218487115,0.7002450728449012,0.2411218557803091,0.0057132247574009165,0.2383289385318885,0.0,51.66640577525498,20.724358353921097,0
2018-01-01 07:50:00,1.0983255576990774,0.28919596560382294,0.2438223560444355,0.05,0.10718101218487115,0.7002450728449012,0.2408994726693049,0.005713224757400602,0.2381091312870349,0.0,51.66640577525498,20.724358353921097,0
2018-01-01 08:00:00,1.1133611500467222,0.2958483055568992,0.24363556579273885,0.05,0.11353579712837308,0.7091148594490031,0.24071049346934614,0.005713224757400602,0.23792234103533824,0.0,51.66640577525498,20.7243583539211,0
2018-01-01 08:10:00,1.1125583210149295,0.2958483055568992,0.24284159286606868,0.05,0.11353579712837308,0.7091148594490031,0.23990766443755324,0.005712781684548906,0.23712881118151977,0.0,51.66640577525498,20.726762824686237,0
2018-01-01 08:20:00,1.1123550884455298,0.2958483055568992,0.24264071345216276,0.05,0.11353579712837308,0.7091148594490031,0.2397044318681536,0.0057127807948372565,0.2369279326573255,0.0,51.66640579548767,20.72676282468624,0
2018-01-01 08:30:00,1.093109725793331,0.2958483055568992,0.2236182700566971,0.05,0.11353579712837308,0.7091148594490031,0.22045906921595487,0.005712780793050584,0.2179054892636465,0.0,51.6664057955283,20.726762824686237,0
2018-01-01 08:40:00,1.0916787975393945,0.2958483055568992,0.2222039162612967,0.05,0.11353579712837308,0.7091148594490031,0.21902814096201825,0.005712780793047029,0.2164911354682497,0.0,51.666405795528384,20.726762824686237,0
2018-01-01 08:50:00,1.0906307302941125,0.2958483055568992,0.22116798879105676,0.05,0.11353579712837308,0.7091148594490031,0.21798007371673644,0.005712780793047029,0.21545520799800974,0.0,51.666405795528384,20.72676282468624,0
2018-01-01 09:00:00,1.0921937838698184,0.2958483055568992,0.22026953783006722,0.05,0.11600783038726745,0.7091148594490031,0.2170710940335478,0.005712780793047029,0.2145567570370202,0.0,51.666405795528384,20.726762824686237,0
2018-01-01 09:10:00,1.0912976476228196,0.2958483055568992,0.21938370685244393,0.05,0.11600783038726745,0.7091148594490031,0.21617495778654894,0.005712706105893687,0.21367100074655024,0.0,51.666405795528384,20.727168137438877,0
2018-01-01 09:20:00,1.0905434883943104,0.2958483055568992,0.2186382829090386,0.05,0.11600783038726745,0.7091148594490031,0.21542079855803997,0.0057127059559180645,0.21292557695312056,0.0,51.66640579893894,20.727168137438877,0
2018-01-01 09:30:00,1.0513888608599657,0.2958483055568992,0.17993718387865157,0.05,0.11600783038726745,0.7091148594490031,0.17626617102369518,0.0057127059556169564,0.1742244779230346,0.0,51.66640579894578,20.727168137438877,0
2018-01-01 09:40:00,1.047775720497123,0.2958483055568992,0.17636589456248217,0.05,0.11600783038726745,0.7091148594490031,0.17265303066085247,0.005712705955616433,0.17065318860686574,0.0,51.66640579894579,20.727168137438877,0
2018-01-01 09:50:00,1.0445945268474977,0.2958483055568992,0.1732215487157482,0.05,0.11600783038726745,0.7091148594490031,0.1694718370112272,0.00571270595561633,0.1675088427601319,0.0,51.666405798945796,20.727168137438877,0
2018-01-01 10:00:00,1.0373576380860245,0.29519084148535185,0.17052513111646495,0.05,0.11237557663088248,0.7082382406869399,0.16674382076820224,0.005712705955616433,0.1648124251608485,0.0,51.66640579894579,20.727168137438877,0
2018-01-01 10:10:00,1.0350452826590175,0.29519084148535185,0.16823969595501162,0.05,0.11237557663088248,0.7082382406869399,0.16443146534119513,0.00571284218147513,0.16252685377353648,0.0,51.666405798945796,20.72642886602124,0
2018-01-01 10:20:00,1.0327309225123278,0.29519084148535185,0.16595214334225658,0.05,0.11237557663088248,0.7082382406869399,0.16211710519450537,0.005712842455023522,0.16023930088723307,0.0,51.66640579272511,20.72642886602124,0
2018-01-01 10:30:00,1.0033272712155452,0.29519084148535185,0.15981091123862057,0.05,0.11237557663088248,0.7082382406869399,0.1327134538977228,0.028634678814616586,0.13117623242400397,0.0,51.666405792712624,20.72642886602124,0
2018-01-01 10:40:00,1.0004199599713781,0.29519084148535185,0.15698330355713622,0.05,0.11237557663088248,0.7082382406869399,0.12980614265355567,0.02868070695748276,0.12830259659965346,0.0,51.6653590790788,20.72642886602124,0
2018-01-01 10:50:00,0.9975920232850872,0.29519084148535185,0.13126637896190516,0.05,0.11237557663088248,0.7082382406869399,0.12697820596726486,0.005758963025149203,0.12550741593675596,0.0,51.665356977227795,20.72642886602124,0
2018-01-01 11:00:00,0.9975948942858928,0.30087019758364236,0.128573115618432,0.05,0.10748423050985531,0.7158107154846605,0.12429994829137693,0.005712935067881849,0.12286018055055015,0.0,51.66640368664097,20.726428866021237,0
2018-01-01 11:10:00,0.9949233149973757,0.30087019758364236,0.12593232384791977,0.05,0.10748423050985531,0.7158107154846605,0.1216283690028599,0.005712777652042816,0.12021954619587696,0.0,51.666405788483495,20.72678155148721,0
2018-01-01 11:20:00,0.9923856730052897,0.30087019758364236,0.14634591143536713,0.05,0.10748423050985531,0.7158107154846605,0.11909072701077386,0.02863461369498836,0.11771129774037878,0.0,51.666405795671814,20.72678155148721,0
2018-01-01 11:30:00,0.6471154075732701,0.30087019758364236,0.13534601505779226,0.05,0.10748423050985531,0.38171581900041207,0.10791535806300266,0.028680641837218225,0.10666537322057404,0.0,51.66535908205246,20.72678155148721,0
2018-01-01 11:40:00,0.6524077647799189,0.30087019758364236,0.14058443090519168,0.05,0.10748423050985531,0.38171581900041207,0.11320771526965145,0.0286880019127949,0.1118964289923968,0.0,51.66535698020149,20.68734142519147,0
2018-01-01 11:50:00,0.6497573869970106,0.30087019758364236,0.11504293089918166,0.05,0.10748423050985531,0.38171581900041207,0.1105573374867431,0.005766180333134453,0.10927675056604721,0.0,51.66535664410749,20.68734142519147,0
2018-01-01 12:00:00,0.6533946642628594,0.3081800016082661,0.11246401055563736,0.05,0.10393767697072097,0.3914622243665771,0.1079947629255613,0.005720152219947446,0.10674385833568992,0.0,51.66640335706639,20.68734142519147,0
2018-01-01 12:10:00,0.6507220019324685,0.3081800016082661,0.10982204286691707,0.05,0.10393767697072097,0.3914622243665771,0.10532210059517044,0.005719889382887618,0.10410215348402946,0.0,51.66640545891604,20.688266209557337,0
2018-01-01 12:20:00,0.6483276542666333,0.3081800016082661,0.10745542843003981,0.05,0.10393767697072097,0.3914622243665771,0.10292775292933522,0.005719888855098455,0.10173553957494136,0.0,51.66640547091835,20.688266209557337,0
2018-01-01 12:30:00,0.6451794543309322,0.3081800016082661,0.10434369412959932,0.05,0.10393767697072097,0.3914622243665771,0.09977955299363406,0.005719888854038248,0.09862380527556107,0.0,51.66640547094245,20.688266209557337,0
2018-01-01 12:40:00,0.6441897066772209,0.3081800016082661,0.10336541073442318,0.05,0.10393767697072097,0.3914622243665771,0.0987898053399228,0.005719888854036156,0.09764552188038703,0.0,51.66640547094251,20.688266209557337,0
2018-01-01 12:50:00,0.6429156555096472,0.3081800016082661,0.10210611691628083,0.05,0.10393767697072097,0.3914622243665771,0.09751575417234912,0.005719888854036156,0.09638622806224467,0.0,51.66640547094251,20.688266209557337,0
2018-01-01 13:00:00,0.6404733811868335,0.3081800016082661,0.100708588687251,0.05,0.10290930816087102,0.3914622243665771,0.09610184865938534,0.005719888854036156,0.09498869983321484,0.0,51.66640547094251,20.68826620955734,0
2018-01-01 13:10:00,0.6390168413456856,0.3081800016082661,0.0992689510338999,0.05,0.10290930816087102,0.3914622243665771,0.09464530881823739,0.00571991992398188,0.09354903110991802,0.0,51.66640547094251,20.6880975989646,0
2018-01-01 13:20:00,0.6374785411448349,0.3081800016082661,0.09774846904448375,0.05,0.10290930816087102,0.3914622243665771,0.09310700861738673,0.005719919986371789,0.09202854905811196,0.0,51.66640546952371,20.6880975989646,0
2018-01-01 13:30:00,0.6440334128219456,0.3081800016082661,0.10422741556715864,0.05,0.10290930816087102,0.3914622243665771,0.09966188029449746,0.005719919986497084,0.09850749558066156,0.0,51.66640546952087,20.688097598964603,0
2018-01-01 13:40:00,0.6422351733211041,0.3081800016082661,0.10245000509528479,0.05,0.10290930816087102,0.3914622243665771,0.09786364079365592,0.005719919986497503,0.09673008510878729,0.0,51.66640546952086,20.688097598964603,0
2018-01-01 13:50:00,0.6405083384731616,0.3081800016082661,0.10074317219538773,0.05,0.10290930816087102,0.3914622243665771,0.09613680594571339,0.005719919986497294,0.09502325220889044,0.0,51.66640546952085,20.688097598964603,0
2018-01-01 14:00:00,0.6324556594984193,0.30218512572673717,0.12200982917157537,0.05,0.10452437304441674,0.38346905652453855,0.09446222992946399,0.028641756345541485,0.09336807282603388,0.0,51.66640546952085,20.6880975989646,0
2018-01-01 14:10:00,0.6310237392874776,0.30218512572673717,0.12064069884776998,0.05,0.10452437304441674,0.38346905652453855,0.0930303097185222,0.028687960284288584,0.09195273856348139,0.0,51.66535875588706,20.687143588674488,0
2018-01-01 14:20:00,0.629423573870358,0.30218512572673717,0.09613732458588471,0.05,0.10452437304441674,0.38346905652453855,0.09143014430140256,0.005766216704961722,0.090371107880923,0.0,51.66535664600843,20.687143588674488,0
2018-01-01 14:30:00,0.6268040075040032,0.30218512572673717,0.09350207273053542,0.05,0.10452437304441674,0.38346905652453855,0.08881057793504789,0.005720188748403157,0.08778188398213226,0.0,51.66640335540549,20.687143588674488,0
2018-01-01 14:40:00,0.6264702251128896,0.30218512572673717,0.09317206411838742,0.05,0.10452437304441674,0.38346905652453855,0.08847679554393426,0.005720096322066324,0.0874519677963211,0.0,51.66640545724799,20.687143588674488,0
2018-01-01 14:50:00,0.6257536310599775,0.30218512572673717,0.09246377019709437,0.05,0.10452437304441674,0.38346905652453855,0.08776020149102212,0.005720096136470225,0.08674367406062415,0.0,51.666405461468585,20.687143588674488,0
2018-01-01 15:00:00,0.649500829560686,0.31351741341824757,0.09154685652039728,0.05,0.11408951338157977,0.39857877344655246,0.08683254273255367,0.0057200961360971605,0.08582676038430012,0.0,51.66640546147706,20.687143588674488,0
2018-01-01 15:10:00,0.6475932659737454,0.31351741341824757,0.08966067657646885,0.05,0.11408951338157977,0.39857877344655246,0.0849249791456131,0.005719384447986405,0.08394129212848245,0.0,51.66640546147707,20.691005782551475,0
2018-01-01 15:20:00,0.6462909897348557,0.31351741341824757,0.08837348318923474,0.05,0.11408951338157977,0.39857877344655246,0.08362270290672331,0.005719383018882736,0.082654100170352,0.0,51.666405493975944,20.69100578255147,0
2018-01-01 15:30:00,0.6552470787528498,0.31351741341824757,0.09722583372152478,0.05,0.11408951338157977,0.39857877344655246,0.09257879192471749,0.005719383016012536,0.09150645070551225,0.0,51.6664054940412,20.691005782551475,0
2018-01-01 15:40:00,0.655058519650394,0.31351741341824757,0.09703945870133168,0.05,0.11408951338157977,0.39857877344655246,0.09239023282226168,0.005719383016007411,0.09132007568532427,0.0,51.66640549404133,20.691005782551475,0
2018-01-01 15:50:00,0.6544980298956768,0.31351741341824757,0.09648546110593503,0.05,0.11408951338157977,0.39857877344655246,0.09182974306754452,0.005719383016006888,0.09076607808992815,0.0,51.66640549404133,20.69100578255147,0
2018-01-01 16:00:00,0.6983143097208949,0.3271640376127094,0.11868787240990683,0.05,0.1404381500982858,0.41677427237250153,0.09110188725010758,0.028641219375051492,0.09004665303485535,0.0,51.66640549404133,20.691005782551475,0
2018-01-01 16:10:00,0.6961251942489243,0.3271640376127094,0.11656882874544072,0.05,0.1404381500982858,0.41677427237250153,0.0889127717781369,0.02868593463268765,0.08788289411275307,0.0,51.66535878040754,20.698130557036315,0
2018-01-01 16:20:00,0.6963251237281318,0.3271640376127094,0.09384469587050534,0.05,0.1404381500982858,0.41677427237250153,0.08911270125734447,0.005764188064018152,0.08808050780648718,0.0,51.665356738508756,20.698130557036315,0
2018-01-01 16:30:00,0.5661619011275948,0.2586962446499843,0.1640459076507202,0.05,0.07698917253041822,0.3254838817555348,0.11368884684164177,0.05167392003890442,0.11237198761181579,0.0,51.66640344804232,20.69813055703631,0
2018-01-01 16:40:00,0.5734632928722371,0.2586962446499843,0.1713593982724133,0.05,0.07698917253041822,0.3254838817555348,0.12099023858628408,0.05177059102110552,0.1195888072513078,0.0,51.66430700421341,20.673807357549276,0
2018-01-01 16:50:00,0.7276483002022087,0.3271640376127094,0.12485589276825834,0.05,0.1404381500982858,0.41677427237250153,0.12043587773142142,0.00581502520361016,0.11904086756464818,0.0,51.66430258978372,20.67380735754928,0
2018-01-01 17:00:00,0.8060093012221482,0.35345787764177633,0.12098553978324023,0.05,0.1875585094698234,0.4518327257445908,0.11661806600773392,0.005718262184862325,0.1152672775983779,0.0,51.666401126591005,20.698130557036315,0
2018-01-01 17:10:00,0.80408094839716,0.35345787764177633,0.1190769126602492,0.05,0.1875585094698234,0.4518327257445908,0.11468971318274573,0.005715651753751495,0.1133612609064977,0.0,51.6664055452235,20.711242407915343,0
2018-01-01 17:20:00,0.8047053586412116,0.35345787764177633,0.1883475069691134,0.05,0.1875585094698234,0.4518327257445908,0.11531412342679734,0.07436906836965348,0.1139784385994599,0.0,51.66640566442747,20.71124240791534,0
2018-01-01 17:30:00,0.8231360617377568,0.35345787764177633,0.1380491645020107,0.05,0.1875585094698234,0.4518327257445908,0.13374482652334255,0.005853505853455964,0.13219565864855476,0.0,51.66327064216952,20.711242407915343,0
2018-01-01 17:40:00,0.8245447586745078,0.35345787764177633,0.1393039619618715,0.05,0.1875585094698234,0.4518327257445908,0.13515352346009352,0.005715923329501104,0.1335880386323704,0.0,51.66639936939231,20.71124240791534,0
2018-01-01 17:50:00,0.8256622687418371,0.35345787764177633,0.18636401156231155,0.05,0.1875585094698234,0.4518327257445908,0.1362710335274229,0.05167140699466576,0.13469260456764579,0.0,51.6664056520261,20.71124240791534,0
2018-01-01 18:00:00,0.6644951998706872,0.277470458891472,0.19035840135591603,0.05,0.12376016210658161,0.3505161674108516,0.1402188703532538,0.05176368780212076,0.13859471355379527,0.0,51.664307118970264,20.71124240791534,0
2018-01-01 18:10:00,0.6709271276365624,0.277470458891472,0.19672078394081294,0.05,0.12376016210658161,0.3505161674108516,0.14665079811912904,0.051768643714955716,0.14495214022585723,0.0,51.664302905015596,20.685353236921316,0
2018-01-01 18:20:00,0.6719449339972978,0.277470458891472,0.15177105105294483,0.05,0.12376016210658161,0.3505161674108516,0.14766860447986452,0.005812893729217795,0.14595815732372705,0.0,51.664302678706434,20.685353236921312,0
2018-01-01 18:30:00,0.6931924682425099,0.277470458891472,0.19560202987968897,0.05,0.12376016210658161,0.3505161674108516,0.1689161387250766,0.028642448746022564,0.1669595811336664,0.0,51.66640122392366,20.685353236921316,0
2018-01-01 18:40:00,0.6941807403307853,0.277470458891472,0.19662469763843815,0.05,0.12376016210658161,0.3505161674108516,0.16990441081335197,0.028688291583542046,0.1679364060548961,0.0,51.665358724268955,20.685353236921312,0
2018-01-01 18:50:00,0.6951232063613441,0.277470458891472,0.17463450276961284,0.05,0.12376016210658161,0.3505161674108516,0.17084687684391076,0.005766547279106479,0.16886795549050637,0.0,51.66535663087983,20.685353236921312,0
2018-01-01 19:00:00,0.6858161636531026,0.2673209768177029,0.17550072608928077,0.05,0.12706282044102277,0.3369835246458262,0.17176981856625365,0.005720519321091846,0.16978020676818892,0.0,51.66640334030999,20.685353236921312,0
2018-01-01 19:10:00,0.6870595309129142,0.2673209768177029,0.17672988315004456,0.05,0.12706282044102277,0.3369835246458262,0.17301318582606515,0.005720711059416479,0.17100917209062808,0.0,51.66640544215255,20.68381113019039,0
2018-01-01 19:20:00,0.6879845010793343,0.2673209768177029,0.20056597612037652,0.05,0.12706282044102277,0.3369835246458262,0.17393815599248527,0.028642547803479884,0.17192342831689664,0.0,51.66640543339693,20.68381113019039,0
2018-01-01 19:30:00,0.692774419920728,0.2673209768177029,0.18242460506094255,0.05,0.12706282044102277,0.3369835246458262,0.17872807483387895,0.005766739588073831,0.1766578654728687,0.0,51.66535871974555,20.683811130190385,0
2018-01-01 19:40:00,0.6937332825670444,0.2673209768177029,0.18332642547396766,0.05,0.12706282044102277,0.3369835246458262,0.17968693748019535,0.00572080387192132,0.17760562160204635,0.0,51.66640333152831,20.68381113019039,0
2018-01-01 19:50:00,0.899672434214152,0.3417836456619569,0.18133447421171295,0.05,0.23573361474817053,0.4362670831048316,0.17767173636114988,0.005720711630808045,0.17561376258090491,0.0,51.666405429158694,20.68381113019039,0
2018-01-01 20:00:00,0.8329602870554225,0.3231415539458227,0.19825298716697085,0.05,0.19994512045557053,0.4114109608166526,0.17160420578319927,0.028636474887051917,0.16961651227991892,0.0,51.666405433370834,20.71676768058612,0
2018-01-01 20:10:00,0.8357650143119686,0.3231415539458227,0.20107302471507138,0.05,0.19994512045557053,0.4114109608166526,0.17440893303974542,0.02868427236690605,0.17238875234816534,0.0,51.665358997062086,20.70709965023404,0
2018-01-01 20:20:00,0.836638977374369,0.3231415539458227,0.17901512427377683,0.05,0.19994512045557053,0.4114109608166526,0.17528289610214579,0.005762531987486042,0.17325259228629078,0.0,51.66535681441525,20.707099650234042,0
2018-01-01 20:30:00,0.8380936595425853,0.3231415539458227,0.2033287652504997,0.05,0.19994512045557053,0.4114109608166526,0.17673757827036204,0.028638340396396695,0.174690424854103,0.0,51.666403523666176,20.707099650234042,0
2018-01-01 20:40:00,0.8390175747152162,0.3231415539458227,0.20428791441952568,0.05,0.19994512045557053,0.4114109608166526,0.17766149344299298,0.028684276112938067,0.17560363830658762,0.0,51.665358911874584,20.707099650234042,0
2018-01-01 20:50:00,0.8399388967844792,0.3231415539458227,0.18227682068665896,0.05,0.19994512045557053,0.4114109608166526,0.17858281551225597,0.005762531995008304,0.17651428869165064,0.0,51.66535681424418,20.70709965023404,0
2018-01-01 21:00:00,0.7792898392532882,0.31080985789445575,0.18314282254870093,0.05,0.1548156066570704,0.39496869941483004,0.17950553318138776,0.005716504037367886,0.17742631851133303,0.0,51.666403523665835,20.70709965023404,0
2018-01-01 21:10:00,0.7823239580729259,0.31080985789445575,0.18614353204720174,0.05,0.1548156066570704,0.39496869941483004,0.1825396520010254,0.005718238949663174,0.18042529309753857,0.0,51.66640562550839,20.697183036507067,0
2018-01-01 21:20:00,0.7833056055585094,0.31080985789445575,0.25436614419815384,0.05,0.1548156066570704,0.39496869941483004,0.18352129948660886,0.0729705740492278,0.18139557014892607,0.0,51.66640554628452,20.697183036507067,0
2018-01-01 21:30:00,0.7846723772579838,0.31080985789445575,0.18859979885235587,0.05,0.1548156066570704,0.39496869941483004,0.18488807118608336,0.005853288336381636,0.18274651051597424,0.0,51.663334503679096,20.697183036507067,0
2018-01-01 21:40:00,0.7856109826142043,0.31080985789445575,0.18939275761455465,0.05,0.1548156066570704,0.39496869941483004,0.1858266765423038,0.005718513619072969,0.18367424399548168,0.0,51.666399379325114,20.697183036507067,0
2018-01-01 21:50:00,0.7865312317656882,0.31080985789445575,0.19030207687538478,0.05,0.1548156066570704,0.39496869941483004,0.18674692569378773,0.005718242985000034,0.18458383389038474,0.0,51.66640553374189,20.69718303650707,0
2018-01-01 22:00:00,0.7250464060019665,0.2798360701269547,0.1911933362331248,0.05,0.13372746023019602,0.35367031572482865,0.18764863004694174,0.005718242441553047,0.18547509379157173,0.0,51.66640554610025,20.697183036507067,0
2018-01-01 22:10:00,0.7280140238429211,0.2798360701269547,0.19412838136163119,0.05,0.13372746023019602,0.35367031572482865,0.19061624788789647,0.005720043680930448,0.18840833768070073,0.0,51.66640554612506,20.687408052485708,0
2018-01-01 22:20:00,0.7289472535012641,0.2798360701269547,0.19505080502700664,0.05,0.13372746023019602,0.35367031572482865,0.19154947754623944,0.005720047297905116,0.18933075772910152,0.0,51.666405463872415,20.68740805248571,0
2018-01-01 22:30:00,0.7316021751495392,0.2798360701269547,0.19767497469434062,0.05,0.13372746023019602,0.35367031572482865,0.1942043991945145,0.005720047305168,0.1919549273891726,0.0,51.66640546370725,20.687408052485708,0
2018-01-01 22:40:00,0.7324705457726394,0.2798360701269547,0.19853328697046957,0.05,0.13372746023019602,0.35367031572482865,0.1950727698176147,0.005720047305182536,0.19281323966528705,0.0,51.666405463706916,20.687408052485708,0
2018-01-01 22:50:00,0.7333142149745572,0.2798360701269547,0.19936718394224953,0.05,0.13372746023019602,0.35367031572482865,0.1959164390195325,0.005720047305182641,0.1936471366370669,0.0,51.66640546370691,20.687408052485708,0
2018-01-01 23:00:00,0.6303200349540223,0.25419969416943516,0.2001777357517497,0.05,0.06409506435616996,0.3194884811148025,0.19673648948304986,0.005720047305183059,0.19445768844656666,0.0,51.66640546370691,20.687408052485708,0
2018-01-01 23:10:00,0.6346667313832691,0.25419969416943516,0.20447715413973933,0.05,0.06409506435616996,0.3194884811148025,0.20108318591229665,0.005723117099013733,0.19875403704072558,0.0,51.666405463706916,20.67074887444703,0
2018-01-01 23:20:00,0.6355554063216854,0.25419969416943516,0.20535554171034312,0.05,0.06409506435616996,0.3194884811148025,0.20197186085071286,0.005723123263306505,0.1996324184470366,0.0,51.66640532352639,20.670748874447032,0
2018-01-01 23:30:00,0.6387225411306919,0.25419969416943516,0.3001172933990473,0.05,0.06409506435616996,0.3194884811148025,0.2051389956597194,0.09735442510218184,0.20276286829686546,0.0,51.666405323244895,20.67074887444703,0
2018-01-01 23:40:00,0.6394688788406905,0.25419969416943516,0.30103898630394327,0.05,0.06409506435616996,0.3194884811148025,0.205885333369718,0.09753842513541894,0.20350056116852433,0.0,51.662221027911194,20.67074887444703,0
2018-01-01 23:50:00,0.6402144405511414,0.25419969416943516,0.21014497981882957,0.05,0.06409506435616996,0.3194884811148025,0.20663089508016896,0.0059074927897822755,0.2042374870290473,0.0,51.66221262564619,20.670748874447032,0
